Tahun;Nama;Jenis;Kelompok;Nilai;;;;;;;;;;
2014;Pajak Kendaraan Bermotor;Pendapatan Pajak Daerah;Pendapatan Asli Daerah;1930647732000;;;;;;;;;;
2014;Bea Balik Nama Kendaraan Bermotor;Pendapatan Pajak Daerah;Pendapatan Asli Daerah;1301034474000;;;;;;;;;;
2014;Pajak Bahan Bakar Kendaraan Bermotor;Pendapatan Pajak Daerah;Pendapatan Asli Daerah;830000000000;;;;;;;;;;
2014;Pajak Air Permukaan;Pendapatan Pajak Daerah;Pendapatan Asli Daerah;1150500000000;;;;;;;;;;
2014;Pajak Rokok;Pendapatan Pajak Daerah;Pendapatan Asli Daerah;875186927968;;;;;;;;;;
2014;Retribusi Jasa Umum;Hasil Retribusi Daerah;Pendapatan Asli Daerah;23172784900;;;;;;;;;;
2014;Retribusi Jasa Usaha;Hasil Retribusi Daerah;Pendapatan Asli Daerah;10472175000;;;;;;;;;;
2014;Retribusi Perizinan Tertentu;Hasil Retribusi Daerah;Pendapatan Asli Daerah;3100000000;;;;;;;;;;
2014;Bagian Laba atas Penyertaan Modal pada Perusahaan Milik Daerah/BUMD;Hasil Pengelolaan Kekayaan Daerah Yang Dipisahkan;Pendapatan Asli Daerah;610868168141;;;;;;;;;;
2014;Bagian Laba atas Penyertaan Modal pada Perusahaan Milik Negara/BUMN;Hasil Pengelolaan Kekayaan Daerah Yang Dipisahkan;Pendapatan Asli Daerah;1309305892;;;;;;;;;;
2014;Hasil Penjualan Aset Daerah Yang Tidak Dipisahkan;Lain-lain Pendapatan Asli Daerah Yang Sah;Pendapatan Asli Daerah;65032000;;;;;;;;;;
2014;Jasa Giro;Lain-lain Pendapatan Asli Daerah Yang Sah;Pendapatan Asli Daerah;69099556866;;;;;;;;;;
2014;Pendapatan Denda Atas Keterlambatan Pelaksanaan Pekerjaan;Lain-lain Pendapatan Asli Daerah Yang Sah;Pendapatan Asli Daerah;10000000000;;;;;;;;;;
2014;Pendapatan Denda Pajak;Lain-lain Pendapatan Asli Daerah Yang Sah;Pendapatan Asli Daerah;661319503762;;;;;;;;;;
2014;Pendapatan Dari Pengembalian;Lain-lain Pendapatan Asli Daerah Yang Sah;Pendapatan Asli Daerah;35184433357;;;;;;;;;;
2014;Pendapatan dari Penyelenggaraan Pendidikan dan Pelatihan;Lain-lain Pendapatan Asli Daerah Yang Sah;Pendapatan Asli Daerah;7838661000;;;;;;;;;;
2014;Pendapatan dari Angsuran/Cicilan Penjualan;Lain-lain Pendapatan Asli Daerah Yang Sah;Pendapatan Asli Daerah;51000000;;;;;;;;;;
2014;Pendapatan BLUD;Lain-lain Pendapatan Asli Daerah Yang Sah;Pendapatan Asli Daerah;64000000000;;;;;;;;;;
2014;Bagi Hasil Pajak;Dana Bagi Hasil Pajak/Bukan Pajak;Dana Perimbangan;467407683700;;;;;;;;;;
2014;Bagi Hasil Bukan Pajak/Sumber Daya Alam;Dana Bagi Hasil Pajak/Bukan Pajak;Dana Perimbangan;83179994000;;;;;;;;;;
2014;Dana Alokasi Umum;Dana Alokasi Umum;Dana Perimbangan;2713750553000;;;;;;;;;;
2014;Dana Alokasi Khusus (DAK) Fisik;Dana Alokasi Khusus;Dana Perimbangan;390619136000;;;;;;;;;;
2014;Dana Alokasi Khusus (DAK) Non Fisik;Dana Alokasi Khusus;Dana Perimbangan;4081093396000;;;;;;;;;;
2014;Pendapatan Hibah Dari Badan/Lembaga/Organisasi Swasta Dalam Negeri;Pendapatan Hibah;Lain-lain Pendapatan Hibah yang Sah;5352000000;;;;;;;;;;
2014;Pendapatan Hibah Dari Kelompok Masyarakat/Perorangan;Pendapatan Hibah;Lain-lain Pendapatan Hibah yang Sah;2500000000;;;;;;;;;;
2014;Gaji dan Tunjangan;Belanja Pegawai;Belanja Tidak Langsung;2604340497111;;;;;;;;;;
2014;Tambahan Penghasilan PNS;Belanja Pegawai;Belanja Tidak Langsung;887821831509;;;;;;;;;;
2014;Belanja Penerimaan Lainnya Pimpinan dan Anggota DPRD serta KDH / WKDH;Belanja Pegawai;Belanja Tidak Langsung;36953361040;;;;;;;;;;
2014;Insentif Pemungutan Pajak Daerah;Belanja Pegawai;Belanja Tidak Langsung;118318237825;;;;;;;;;;
2014;Belanja Hibah kepada Badan/Lembaga/Organisasi;Belanja Hibah;Belanja Tidak Langsung;336400000000;;;;;;;;;;
2014;Belanja Hibah Dana BOS;Belanja Hibah;Belanja Tidak Langsung;2631796113522;;;;;;;;;;
2014;Belanja Bagi Hasil Pajak Daerah Kepada Kabupaten/Kota;Belanja Bagi Hasil Kepada Provinsi/Kab/Kota/Desa;Belanja Tidak Langsung;3818395036753;;;;;;;;;;
2014;Belanja Bantuan kepada Partai Politik;Belanja Bantuan Keuangan Keoada Provinsi/Kab/Kota/Desa dan Parpol;Belanja Tidak Langsung;7240752000;;;;;;;;;;
2014;Belanja Tidak Terduga;Belanja Tidak Terduga;Belanja Tidak Langsung;25000000000;;;;;;;;;;
2014;Honorarium PNS;Belanja Pegawai (BL);Belanja Langsung;87499092500;;;;;;;;;;
2014;Honorarium  Non PNS;Belanja Pegawai (BL);Belanja Langsung;18078108000;;;;;;;;;;
2014;Honorarium Pengelolaan Dana BOS;Belanja Pegawai (BL);Belanja Langsung;809200000;;;;;;;;;;
2014;Belanja Bahan Pakai Habis;Belanja Barang Jasa;Belanja Langsung;86115910340;;;;;;;;;;
2014;Belanja Bahan/Material;Belanja Barang Jasa;Belanja Langsung;127548151284;;;;;;;;;;
2014;Belanja Jasa Kantor;Belanja Barang Jasa;Belanja Langsung;199309297231;;;;;;;;;;
2014;Belanja Premi Asuransi;Belanja Barang Jasa;Belanja Langsung;105138793197;;;;;;;;;;
2014;Belanja Perawatan Kendaraan Bermotor;Belanja Barang Jasa;Belanja Langsung;27089581202;;;;;;;;;;
2014;Belanja Cetak dan Penggandaan;Belanja Barang Jasa;Belanja Langsung;56979155744;;;;;;;;;;
2014;Belanja Sewa Rumah/Gedung/Gudang/Parkir;Belanja Barang Jasa;Belanja Langsung;70470558430;;;;;;;;;;
2014;Belanja Sewa Sarana Mobilitas;Belanja Barang Jasa;Belanja Langsung;5091346780;;;;;;;;;;
2014;Belanja Sewa Alat Berat;Belanja Barang Jasa;Belanja Langsung;92000000;;;;;;;;;;
2014;Belanja Sewa Perlengkapan dan Peralatan Kantor;Belanja Barang Jasa;Belanja Langsung;29351997040;;;;;;;;;;
2014;Belanja Makanan dan  Minuman;Belanja Barang Jasa;Belanja Langsung;128300380410;;;;;;;;;;
2014;Belanja Pakaian Dinas dan Atributnya;Belanja Barang Jasa;Belanja Langsung;9773391600;;;;;;;;;;
2014;Belanja Pakaian Kerja;Belanja Barang Jasa;Belanja Langsung;3056225950;;;;;;;;;;
2014;Belanja Pakaian khusus dan hari-hari tertentu;Belanja Barang Jasa;Belanja Langsung;13336681250;;;;;;;;;;
2014;Belanja Perjalanan Dinas;Belanja Barang Jasa;Belanja Langsung;639388058178;;;;;;;;;;
2014;Belanja Beasiswa Pendidikan PNS;Belanja Barang Jasa;Belanja Langsung;1100000000;;;;;;;;;;
2014;Belanja kursus, pelatihan, sosialisasi dan bimbingan teknis PNS;Belanja Barang Jasa;Belanja Langsung;31151920325;;;;;;;;;;
2014;Belanja Pemeliharaan;Belanja Barang Jasa;Belanja Langsung;223284221751;;;;;;;;;;
2014;Belanja Jasa Konsultansi;Belanja Barang Jasa;Belanja Langsung;95691615920;;;;;;;;;;
2014;Belanja Barang Dana BOS;Belanja Barang Jasa;Belanja Langsung;633550840219;;;;;;;;;;
2014;Belanja Barang Yang Akan Diserahkan Kepada Masyarakat/Pihak Ketiga;Belanja Barang Jasa;Belanja Langsung;180910506954;;;;;;;;;;
2014;Belanja Jasa Tenaga Pendukung;Belanja Barang Jasa;Belanja Langsung;331778473445;;;;;;;;;;
2014;Belanja Hibah Barang Yang Akan Diserahkan Kepada Masyarakat/Pihak Ketiga;Belanja Barang Jasa;Belanja Langsung;166372155910;;;;;;;;;;
2014;Uang Untuk Diberikan Kepada Masyarakat/Pihak Ketiga;Belanja Barang Jasa;Belanja Langsung;10000987500;;;;;;;;;;
2014;Belanja Modal Tanah - Pengadaan Tanah Perkebunan;Belanja Modal;Belanja Langsung;400000000;;;;;;;;;;
2014;Belanja Modal Tanah - Pengadaan Kolam Ikan;Belanja Modal;Belanja Langsung;60000000;;;;;;;;;;
2014;Belanja Modal Tanah - Pengadaan Tanah Pengguna Lain;Belanja Modal;Belanja Langsung;54000000;;;;;;;;;;
2014;Belanja Modal Tanah - Pengadaan Tanah Untuk Bangunan Gedung;Belanja Modal;Belanja Langsung;42995890000;;;;;;;;;;
2014;Belanja Modal Tanah - Pengadaan Tanah Untuk Bangunan Bukan Gedung;Belanja Modal;Belanja Langsung;1200000000;;;;;;;;;;
2014;Belanja Modal Peralatan dan Mesin - Pengadaan Alat-alat Besar Darat;Belanja Modal;Belanja Langsung;17691025000;;;;;;;;;;
2014;Belanja Modal Peralatan dan Mesin - Pengadaan Alat-alat Bantu;Belanja Modal;Belanja Langsung;3095932500;;;;;;;;;;
2014;Belanja Modal Peralatan dan Mesin - Pengadaan Alat Angkutan Darat Bermotor;Belanja Modal;Belanja Langsung;44197506813;;;;;;;;;;
2014;Belanja Modal Peralatan dan Mesin - Pengadaan Alat Angkut Apung Bermotor;Belanja Modal;Belanja Langsung;4995000000;;;;;;;;;;
2014;Belanja Modal Peralatan dan Mesin - Pengadaan Alat Bengkel Bermesin;Belanja Modal;Belanja Langsung;3632848159;;;;;;;;;;
2014;Belanja Modal Peralatan dan Mesin - Pengadaan Alat Ukur;Belanja Modal;Belanja Langsung;1448187140;;;;;;;;;;
2014;Belanja Modal Peralatan dan Mesin - Pengadaan Alat Pengolahan;Belanja Modal;Belanja Langsung;2041640600;;;;;;;;;;
2014;Belanja Modal Peralatan dan Mesin - Pengadaan Alat Pemeliharaan Tanaman/Alat Penyimpan;Belanja Modal;Belanja Langsung;245400000;;;;;;;;;;
2014;Belanja Modal Peralatan dan Mesin - Pengadaan Alat Kantor;Belanja Modal;Belanja Langsung;4739953878;;;;;;;;;;
2014;Belanja Modal Peralatan dan Mesin - Pengadaan Alat Rumah Tangga;Belanja Modal;Belanja Langsung;61024905839;;;;;;;;;;
2014;Belanja Modal Peralatan dan Mesin - Pengadaan Komputer;Belanja Modal;Belanja Langsung;52180179666;;;;;;;;;;
2014;Belanja Modal Peralatan dan Mesin - Pengadaan Meja dan Kursi Kerja/Rapat Pejabat;Belanja Modal;Belanja Langsung;3542532300;;;;;;;;;;
2014;Belanja Modal Peralatan dan Mesin - Pengadaan Alat Studio;Belanja Modal;Belanja Langsung;6471122087;;;;;;;;;;
2014;Belanja Modal Peralatan dan Mesin - Pengadaan Alat Komunikasi;Belanja Modal;Belanja Langsung;582735000;;;;;;;;;;
2014;Belanja Modal Peralatan dan Mesin - Pengadaan Alat Kedokteran;Belanja Modal;Belanja Langsung;28759456124;;;;;;;;;;
2014;Belanja Modal Peralatan dan Mesin - Pengadaan Alat Kesehatan;Belanja Modal;Belanja Langsung;1558482586;;;;;;;;;;
2014;Belanja Modal Peralatan dan Mesin - Pengadaan Unit-Unit Laboratorium;Belanja Modal;Belanja Langsung;10551986604;;;;;;;;;;
2014;Belanja Modal Peralatan dan Mesin - Pengadaan Alat Peraga/Praktek Sekolah;Belanja Modal;Belanja Langsung;71053770361;;;;;;;;;;
2014;Belanja Modal Peralatan dan Mesin - Pengadaan Alat Laboratorium Lingkungan Hidup;Belanja Modal;Belanja Langsung;602648000;;;;;;;;;;
2014;Belanja Modal Peralatan dan Mesin - Pengadaan Persenjataan Non Senjata Api;Belanja Modal;Belanja Langsung;29150000;;;;;;;;;;
2014;Belanja Modal Peralatan dan Mesin -Pengadaan Alat Keamanan dan Perlindungan;Belanja Modal;Belanja Langsung;2708173000;;;;;;;;;;
2014;Belanja Modal Gedung dan Bangunan - Pengadaan Bangunan Gedung Tempat Kerja;Belanja Modal;Belanja Langsung;313165415729;;;;;;;;;;
2014;Belanja Modal Gedung dan Bangunan - Pengadaan Bangunan Gedung Tempat Tinggal;Belanja Modal;Belanja Langsung;448729000;;;;;;;;;;
2014;Belanja Modal Gedung dan Bangunan - Pengadaan Bangunan Monumen/Bangunan Bersejarah lainnya;Belanja Modal;Belanja Langsung;493608545;;;;;;;;;;
2014;Belanja Modal Gedung dan Bangunan - Pengadaan Bangunan Tugu Titik Kontrol/Pasti;Belanja Modal;Belanja Langsung;13727030540;;;;;;;;;;
2014;Belanja Modal Jalan, Irigasi dan Jaringan - Pengadaan Jalan;Belanja Modal;Belanja Langsung;606517294785;;;;;;;;;;
2014;Belanja Modal Jalan, Irigasi dan Jaringan - Pengadaan Jembatan;Belanja Modal;Belanja Langsung;51914500000;;;;;;;;;;
2014;Belanja Modal Jalan, Irigasi dan Jaringan - Pengadaan Bangunan Air Irigasi;Belanja Modal;Belanja Langsung;71866052637;;;;;;;;;;
2014;Belanja Modal Jalan, Irigasi dan Jaringan - Pengadaan Bangunan Air Rawa;Belanja Modal;Belanja Langsung;1139999635;;;;;;;;;;
2014;Belanja Modal Jalan, Irigasi dan Jaringan - Pengadaan Bangunan Pengaman Sungai dan Penaggulangan Be;Belanja Modal;Belanja Langsung;91028357223;;;;;;;;;;
2014;Belanja Modal Jalan, Irigasi dan Jaringan - Pengadaan Bangunan Pembangunan Sumber Air dan Air Tanah;Belanja Modal;Belanja Langsung;90460800;;;;;;;;;;
2014;Belanja Modal Jalan, Irigasi dan Jaringan - Pengadaan Bangunan Air Bersih/Baku;Belanja Modal;Belanja Langsung;3039072061;;;;;;;;;;
2014;Belanja Modal Jalan, Irigasi dan Jaringan - Pengadaan Bangunan Air Kotor;Belanja Modal;Belanja Langsung;7165831700;;;;;;;;;;
2014;Belanja Modal Jalan, Irigasi dan Jaringan - Pengadaan Bangunan Air;Belanja Modal;Belanja Langsung;193744000;;;;;;;;;;
2014;Belanja Modal Jalan, Irigasi dan Jaringan - Pengadaan Instalasi Air Minum/Air Bersih;Belanja Modal;Belanja Langsung;30492117000;;;;;;;;;;
2014;Belanja Modal Jalan, Irigasi dan Jaringan - Pengadaan Instalasi Pengolahan Sampah;Belanja Modal;Belanja Langsung;800006000;;;;;;;;;;
2014;Belanja Modal Jalan, Irigasi dan Jaringan - Pengadaan Instalasi Pembangkit Listrik;Belanja Modal;Belanja Langsung;450000000;;;;;;;;;;
2014;Belanja Modal Jalan, Irigasi dan Jaringan - Pengadaan Instalasi Pertahanan;Belanja Modal;Belanja Langsung;1019000000;;;;;;;;;;
2014;Belanja Modal Jalan, Irigasi dan Jaringan - Pengadaan Jaringan Air Minum;Belanja Modal;Belanja Langsung;6851390000;;;;;;;;;;
2014;Belanja Modal Jalan, Irigasi dan Jaringan - Pengadaan Jaringan Listrik;Belanja Modal;Belanja Langsung;739801250;;;;;;;;;;
2014;Belanja Modal Jalan, Irigasi dan Jaringan - Pengadaan Jaringan Telepon;Belanja Modal;Belanja Langsung;48122100;;;;;;;;;;
2014;Belanja Modal dan Aset Tetap Lainnya - Pengadaan Buku;Belanja Modal;Belanja Langsung;1233699620;;;;;;;;;;
2014;Belanja Modal dan Aset Tetap Lainnya - Pengadaan Barang Bercorak Kebudayaan;Belanja Modal;Belanja Langsung;966770000;;;;;;;;;;
2014;Belanja Modal dan Aset Tetap Lainnya - Pengadaan Alat Olah Raga Lainnya;Belanja Modal;Belanja Langsung;23607438600;;;;;;;;;;
2014;Belanja Modal dan Aset Tetap Lainnya - Pengadaan Hewan;Belanja Modal;Belanja Langsung;756256500;;;;;;;;;;
2014;Belanja Modal dan Aset Tetap Lainnya - Pengadaan Tanaman;Belanja Modal;Belanja Langsung;460002000;;;;;;;;;;
2014;Belanja Modal dan Aset Tetap Lainnya - Pengadaan Aset Tetap Renovasi;Belanja Modal;Belanja Langsung;16956110000;;;;;;;;;;
2014;Belanja Modal Peralatan dan Mesin - BOS;Belanja Modal;Belanja Langsung;82637238080;;;;;;;;;;
2014;Belanja Modal dan Aset Tetap Lainnya - BOS;Belanja Modal;Belanja Langsung;102702710204;;;;;;;;;;
2015;Pajak Kendaraan Bermotor;Pendapatan Pajak Daerah;Pendapatan Asli Daerah;461000047890;;;;;;;;;;
2015;Bea Balik Nama Kendaraan Bermotor;Pendapatan Pajak Daerah;Pendapatan Asli Daerah;234412100567;;;;;;;;;;
2015;Pajak Bahan Bakar Kendaraan Bermotor;Pendapatan Pajak Daerah;Pendapatan Asli Daerah;411276043743;;;;;;;;;;
2015;Pajak Air Permukaan;Pendapatan Pajak Daerah;Pendapatan Asli Daerah;975692243201;;;;;;;;;;
2015;Pajak Rokok;Pendapatan Pajak Daerah;Pendapatan Asli Daerah;2785750015892;;;;;;;;;;
2015;Retribusi Jasa Umum;Hasil Retribusi Daerah;Pendapatan Asli Daerah;3949450446789;;;;;;;;;;
2015;Retribusi Jasa Usaha;Hasil Retribusi Daerah;Pendapatan Asli Daerah;52424326256;;;;;;;;;;
2015;Retribusi Perizinan Tertentu;Hasil Retribusi Daerah;Pendapatan Asli Daerah;3506451896441;;;;;;;;;;
2015;Bagian Laba atas Penyertaan Modal pada Perusahaan Milik Daerah/BUMD;Hasil Pengelolaan Kekayaan Daerah Yang Dipisahkan;Pendapatan Asli Daerah;2677454360579;;;;;;;;;;
2015;Bagian Laba atas Penyertaan Modal pada Perusahaan Milik Negara/BUMN;Hasil Pengelolaan Kekayaan Daerah Yang Dipisahkan;Pendapatan Asli Daerah;2873819235663;;;;;;;;;;
2015;Hasil Penjualan Aset Daerah Yang Tidak Dipisahkan;Lain-lain Pendapatan Asli Daerah Yang Sah;Pendapatan Asli Daerah;1036500859404;;;;;;;;;;
2015;Jasa Giro;Lain-lain Pendapatan Asli Daerah Yang Sah;Pendapatan Asli Daerah;2808909848418;;;;;;;;;;
2015;Pendapatan Denda Atas Keterlambatan Pelaksanaan Pekerjaan;Lain-lain Pendapatan Asli Daerah Yang Sah;Pendapatan Asli Daerah;1585502874082;;;;;;;;;;
2015;Pendapatan Denda Pajak;Lain-lain Pendapatan Asli Daerah Yang Sah;Pendapatan Asli Daerah;3566369229120;;;;;;;;;;
2015;Pendapatan Dari Pengembalian;Lain-lain Pendapatan Asli Daerah Yang Sah;Pendapatan Asli Daerah;2824947607592;;;;;;;;;;
2015;Pendapatan dari Penyelenggaraan Pendidikan dan Pelatihan;Lain-lain Pendapatan Asli Daerah Yang Sah;Pendapatan Asli Daerah;1856669875480;;;;;;;;;;
2015;Pendapatan dari Angsuran/Cicilan Penjualan;Lain-lain Pendapatan Asli Daerah Yang Sah;Pendapatan Asli Daerah;2583196944613;;;;;;;;;;
2015;Pendapatan BLUD;Lain-lain Pendapatan Asli Daerah Yang Sah;Pendapatan Asli Daerah;2017876894635;;;;;;;;;;
2015;Bagi Hasil Pajak;Dana Bagi Hasil Pajak/Bukan Pajak;Dana Perimbangan;310165843488;;;;;;;;;;
2015;Bagi Hasil Bukan Pajak/Sumber Daya Alam;Dana Bagi Hasil Pajak/Bukan Pajak;Dana Perimbangan;3827493376967;;;;;;;;;;
2015;Dana Alokasi Umum;Dana Alokasi Umum;Dana Perimbangan;1270359501310;;;;;;;;;;
2015;Dana Alokasi Khusus (DAK) Fisik;Dana Alokasi Khusus;Dana Perimbangan;2969825128753;;;;;;;;;;
2015;Dana Alokasi Khusus (DAK) Non Fisik;Dana Alokasi Khusus;Dana Perimbangan;3495937144998;;;;;;;;;;
2015;Pendapatan Hibah Dari Badan/Lembaga/Organisasi Swasta Dalam Negeri;Pendapatan Hibah;Lain-lain Pendapatan Hibah yang Sah;50584613913;;;;;;;;;;
2015;Pendapatan Hibah Dari Kelompok Masyarakat/Perorangan;Pendapatan Hibah;Lain-lain Pendapatan Hibah yang Sah;2293841877834;;;;;;;;;;
2015;Gaji dan Tunjangan;Belanja Pegawai;Belanja Tidak Langsung;1827772615241;;;;;;;;;;
2015;Tambahan Penghasilan PNS;Belanja Pegawai;Belanja Tidak Langsung;2293000138773;;;;;;;;;;
2015;Belanja Penerimaan Lainnya Pimpinan dan Anggota DPRD serta KDH / WKDH;Belanja Pegawai;Belanja Tidak Langsung;1653031983025;;;;;;;;;;
2015;Insentif Pemungutan Pajak Daerah;Belanja Pegawai;Belanja Tidak Langsung;3520464191679;;;;;;;;;;
2015;Belanja Hibah kepada Badan/Lembaga/Organisasi;Belanja Hibah;Belanja Tidak Langsung;1699144419734;;;;;;;;;;
2015;Belanja Hibah Dana BOS;Belanja Hibah;Belanja Tidak Langsung;3650410504419;;;;;;;;;;
2015;Belanja Bagi Hasil Pajak Daerah Kepada Kabupaten/Kota;Belanja Bagi Hasil Kepada Provinsi/Kab/Kota/Desa;Belanja Tidak Langsung;3022210207547;;;;;;;;;;
2015;Belanja Bantuan kepada Partai Politik;Belanja Bantuan Keuangan Keoada Provinsi/Kab/Kota/Desa dan Parpol;Belanja Tidak Langsung;3935979668375;;;;;;;;;;
2015;Belanja Tidak Terduga;Belanja Tidak Terduga;Belanja Tidak Langsung;2022183275659;;;;;;;;;;
2015;Honorarium PNS;Belanja Pegawai (BL);Belanja Langsung;1907991776392;;;;;;;;;;
2015;Honorarium  Non PNS;Belanja Pegawai (BL);Belanja Langsung;1319820486281;;;;;;;;;;
2015;Honorarium Pengelolaan Dana BOS;Belanja Pegawai (BL);Belanja Langsung;3118132660055;;;;;;;;;;
2015;Belanja Bahan Pakai Habis;Belanja Barang Jasa;Belanja Langsung;3503767692399;;;;;;;;;;
2015;Belanja Bahan/Material;Belanja Barang Jasa;Belanja Langsung;1283125257884;;;;;;;;;;
2015;Belanja Jasa Kantor;Belanja Barang Jasa;Belanja Langsung;945898798764;;;;;;;;;;
2015;Belanja Premi Asuransi;Belanja Barang Jasa;Belanja Langsung;805226922689;;;;;;;;;;
2015;Belanja Perawatan Kendaraan Bermotor;Belanja Barang Jasa;Belanja Langsung;2558432014628;;;;;;;;;;
2015;Belanja Cetak dan Penggandaan;Belanja Barang Jasa;Belanja Langsung;2299883388150;;;;;;;;;;
2015;Belanja Sewa Rumah/Gedung/Gudang/Parkir;Belanja Barang Jasa;Belanja Langsung;2923738725076;;;;;;;;;;
2015;Belanja Sewa Sarana Mobilitas;Belanja Barang Jasa;Belanja Langsung;1506561257239;;;;;;;;;;
2015;Belanja Sewa Alat Berat;Belanja Barang Jasa;Belanja Langsung;1338098550960;;;;;;;;;;
2015;Belanja Sewa Perlengkapan dan Peralatan Kantor;Belanja Barang Jasa;Belanja Langsung;658009925787;;;;;;;;;;
2015;Belanja Makanan dan  Minuman;Belanja Barang Jasa;Belanja Langsung;1037055645832;;;;;;;;;;
2015;Belanja Pakaian Dinas dan Atributnya;Belanja Barang Jasa;Belanja Langsung;2049195470642;;;;;;;;;;
2015;Belanja Pakaian Kerja;Belanja Barang Jasa;Belanja Langsung;1439889083880;;;;;;;;;;
2015;Belanja Pakaian khusus dan hari-hari tertentu;Belanja Barang Jasa;Belanja Langsung;1763129851130;;;;;;;;;;
2015;Belanja Perjalanan Dinas;Belanja Barang Jasa;Belanja Langsung;2131024207013;;;;;;;;;;
2015;Belanja Beasiswa Pendidikan PNS;Belanja Barang Jasa;Belanja Langsung;2120476930406;;;;;;;;;;
2015;Belanja kursus, pelatihan, sosialisasi dan bimbingan teknis PNS;Belanja Barang Jasa;Belanja Langsung;201036670899;;;;;;;;;;
2015;Belanja Pemeliharaan;Belanja Barang Jasa;Belanja Langsung;492219844379;;;;;;;;;;
2015;Belanja Jasa Konsultansi;Belanja Barang Jasa;Belanja Langsung;3002611726557;;;;;;;;;;
2015;Belanja Barang Dana BOS;Belanja Barang Jasa;Belanja Langsung;2207182844165;;;;;;;;;;
2015;Belanja Barang Yang Akan Diserahkan Kepada Masyarakat/Pihak Ketiga;Belanja Barang Jasa;Belanja Langsung;2210730059480;;;;;;;;;;
2015;Belanja Jasa Tenaga Pendukung;Belanja Barang Jasa;Belanja Langsung;2473567396103;;;;;;;;;;
2015;Belanja Hibah Barang Yang Akan Diserahkan Kepada Masyarakat/Pihak Ketiga;Belanja Barang Jasa;Belanja Langsung;2861375131035;;;;;;;;;;
2015;Uang Untuk Diberikan Kepada Masyarakat/Pihak Ketiga;Belanja Barang Jasa;Belanja Langsung;3640735763144;;;;;;;;;;
2015;Belanja Modal Tanah - Pengadaan Tanah Perkebunan;Belanja Modal;Belanja Langsung;1774915269217;;;;;;;;;;
2015;Belanja Modal Tanah - Pengadaan Kolam Ikan;Belanja Modal;Belanja Langsung;996058284009;;;;;;;;;;
2015;Belanja Modal Tanah - Pengadaan Tanah Pengguna Lain;Belanja Modal;Belanja Langsung;734945961274;;;;;;;;;;
2015;Belanja Modal Tanah - Pengadaan Tanah Untuk Bangunan Gedung;Belanja Modal;Belanja Langsung;1568321063084;;;;;;;;;;
2015;Belanja Modal Tanah - Pengadaan Tanah Untuk Bangunan Bukan Gedung;Belanja Modal;Belanja Langsung;967575236351;;;;;;;;;;
2015;Belanja Modal Peralatan dan Mesin - Pengadaan Alat-alat Besar Darat;Belanja Modal;Belanja Langsung;538674468690;;;;;;;;;;
2015;Belanja Modal Peralatan dan Mesin - Pengadaan Alat-alat Bantu;Belanja Modal;Belanja Langsung;1889164489695;;;;;;;;;;
2015;Belanja Modal Peralatan dan Mesin - Pengadaan Alat Angkutan Darat Bermotor;Belanja Modal;Belanja Langsung;3341821297721;;;;;;;;;;
2015;Belanja Modal Peralatan dan Mesin - Pengadaan Alat Angkut Apung Bermotor;Belanja Modal;Belanja Langsung;3923881502208;;;;;;;;;;
2015;Belanja Modal Peralatan dan Mesin - Pengadaan Alat Bengkel Bermesin;Belanja Modal;Belanja Langsung;3005468433055;;;;;;;;;;
2015;Belanja Modal Peralatan dan Mesin - Pengadaan Alat Ukur;Belanja Modal;Belanja Langsung;2338355330649;;;;;;;;;;
2015;Belanja Modal Peralatan dan Mesin - Pengadaan Alat Pengolahan;Belanja Modal;Belanja Langsung;329885976110;;;;;;;;;;
2015;Belanja Modal Peralatan dan Mesin - Pengadaan Alat Pemeliharaan Tanaman/Alat Penyimpan;Belanja Modal;Belanja Langsung;3561384534547;;;;;;;;;;
2015;Belanja Modal Peralatan dan Mesin - Pengadaan Alat Kantor;Belanja Modal;Belanja Langsung;3574860245088;;;;;;;;;;
2015;Belanja Modal Peralatan dan Mesin - Pengadaan Alat Rumah Tangga;Belanja Modal;Belanja Langsung;307887486273;;;;;;;;;;
2015;Belanja Modal Peralatan dan Mesin - Pengadaan Komputer;Belanja Modal;Belanja Langsung;2690616185756;;;;;;;;;;
2015;Belanja Modal Peralatan dan Mesin - Pengadaan Meja dan Kursi Kerja/Rapat Pejabat;Belanja Modal;Belanja Langsung;3221766019201;;;;;;;;;;
2015;Belanja Modal Peralatan dan Mesin - Pengadaan Alat Studio;Belanja Modal;Belanja Langsung;3391488086174;;;;;;;;;;
2015;Belanja Modal Peralatan dan Mesin - Pengadaan Alat Komunikasi;Belanja Modal;Belanja Langsung;1695961016894;;;;;;;;;;
2015;Belanja Modal Peralatan dan Mesin - Pengadaan Alat Kedokteran;Belanja Modal;Belanja Langsung;44797144179;;;;;;;;;;
2015;Belanja Modal Peralatan dan Mesin - Pengadaan Alat Kesehatan;Belanja Modal;Belanja Langsung;2184835783211;;;;;;;;;;
2015;Belanja Modal Peralatan dan Mesin - Pengadaan Unit-Unit Laboratorium;Belanja Modal;Belanja Langsung;2926209315748;;;;;;;;;;
2015;Belanja Modal Peralatan dan Mesin - Pengadaan Alat Peraga/Praktek Sekolah;Belanja Modal;Belanja Langsung;3391952197218;;;;;;;;;;
2015;Belanja Modal Peralatan dan Mesin - Pengadaan Alat Laboratorium Lingkungan Hidup;Belanja Modal;Belanja Langsung;533129010507;;;;;;;;;;
2015;Belanja Modal Peralatan dan Mesin - Pengadaan Persenjataan Non Senjata Api;Belanja Modal;Belanja Langsung;1515618705157;;;;;;;;;;
2015;Belanja Modal Peralatan dan Mesin -Pengadaan Alat Keamanan dan Perlindungan;Belanja Modal;Belanja Langsung;104950154592;;;;;;;;;;
2015;Belanja Modal Gedung dan Bangunan - Pengadaan Bangunan Gedung Tempat Kerja;Belanja Modal;Belanja Langsung;2127835776032;;;;;;;;;;
2015;Belanja Modal Gedung dan Bangunan - Pengadaan Bangunan Gedung Tempat Tinggal;Belanja Modal;Belanja Langsung;1535083619864;;;;;;;;;;
2015;Belanja Modal Gedung dan Bangunan - Pengadaan Bangunan Monumen/Bangunan Bersejarah lainnya;Belanja Modal;Belanja Langsung;2334423144221;;;;;;;;;;
2015;Belanja Modal Gedung dan Bangunan - Pengadaan Bangunan Tugu Titik Kontrol/Pasti;Belanja Modal;Belanja Langsung;1813151724090;;;;;;;;;;
2015;Belanja Modal Jalan, Irigasi dan Jaringan - Pengadaan Jalan;Belanja Modal;Belanja Langsung;1291849041723;;;;;;;;;;
2015;Belanja Modal Jalan, Irigasi dan Jaringan - Pengadaan Jembatan;Belanja Modal;Belanja Langsung;1675416530722;;;;;;;;;;
2015;Belanja Modal Jalan, Irigasi dan Jaringan - Pengadaan Bangunan Air Irigasi;Belanja Modal;Belanja Langsung;2295134473215;;;;;;;;;;
2015;Belanja Modal Jalan, Irigasi dan Jaringan - Pengadaan Bangunan Air Rawa;Belanja Modal;Belanja Langsung;1811343791640;;;;;;;;;;
2015;Belanja Modal Jalan, Irigasi dan Jaringan - Pengadaan Bangunan Pengaman Sungai dan Penaggulangan Be;Belanja Modal;Belanja Langsung;1705905317646;;;;;;;;;;
2015;Belanja Modal Jalan, Irigasi dan Jaringan - Pengadaan Bangunan Pembangunan Sumber Air dan Air Tanah;Belanja Modal;Belanja Langsung;3746679662501;;;;;;;;;;
2015;Belanja Modal Jalan, Irigasi dan Jaringan - Pengadaan Bangunan Air Bersih/Baku;Belanja Modal;Belanja Langsung;1499273187121;;;;;;;;;;
2015;Belanja Modal Jalan, Irigasi dan Jaringan - Pengadaan Bangunan Air Kotor;Belanja Modal;Belanja Langsung;1957744368048;;;;;;;;;;
2015;Belanja Modal Jalan, Irigasi dan Jaringan - Pengadaan Bangunan Air;Belanja Modal;Belanja Langsung;2961212543314;;;;;;;;;;
2015;Belanja Modal Jalan, Irigasi dan Jaringan - Pengadaan Instalasi Air Minum/Air Bersih;Belanja Modal;Belanja Langsung;2692945001654;;;;;;;;;;
2015;Belanja Modal Jalan, Irigasi dan Jaringan - Pengadaan Instalasi Pengolahan Sampah;Belanja Modal;Belanja Langsung;1165217657946;;;;;;;;;;
2015;Belanja Modal Jalan, Irigasi dan Jaringan - Pengadaan Instalasi Pembangkit Listrik;Belanja Modal;Belanja Langsung;237004326056;;;;;;;;;;
2015;Belanja Modal Jalan, Irigasi dan Jaringan - Pengadaan Instalasi Pertahanan;Belanja Modal;Belanja Langsung;2462216661079;;;;;;;;;;
2015;Belanja Modal Jalan, Irigasi dan Jaringan - Pengadaan Jaringan Air Minum;Belanja Modal;Belanja Langsung;1002771147252;;;;;;;;;;
2015;Belanja Modal Jalan, Irigasi dan Jaringan - Pengadaan Jaringan Listrik;Belanja Modal;Belanja Langsung;432779590707;;;;;;;;;;
2015;Belanja Modal Jalan, Irigasi dan Jaringan - Pengadaan Jaringan Telepon;Belanja Modal;Belanja Langsung;1695229035770;;;;;;;;;;
2015;Belanja Modal dan Aset Tetap Lainnya - Pengadaan Buku;Belanja Modal;Belanja Langsung;347580362113;;;;;;;;;;
2015;Belanja Modal dan Aset Tetap Lainnya - Pengadaan Barang Bercorak Kebudayaan;Belanja Modal;Belanja Langsung;2062156792561;;;;;;;;;;
2015;Belanja Modal dan Aset Tetap Lainnya - Pengadaan Alat Olah Raga Lainnya;Belanja Modal;Belanja Langsung;2759750619218;;;;;;;;;;
2015;Belanja Modal dan Aset Tetap Lainnya - Pengadaan Hewan;Belanja Modal;Belanja Langsung;1502309646049;;;;;;;;;;
2015;Belanja Modal dan Aset Tetap Lainnya - Pengadaan Tanaman;Belanja Modal;Belanja Langsung;1092068401695;;;;;;;;;;
2015;Belanja Modal dan Aset Tetap Lainnya - Pengadaan Aset Tetap Renovasi;Belanja Modal;Belanja Langsung;1604594005784;;;;;;;;;;
2015;Belanja Modal Peralatan dan Mesin - BOS;Belanja Modal;Belanja Langsung;2667847471387;;;;;;;;;;
2015;Belanja Modal dan Aset Tetap Lainnya - BOS;Belanja Modal;Belanja Langsung;1658205285659;;;;;;;;;;
2016;Pajak Kendaraan Bermotor;Pendapatan Pajak Daerah;Pendapatan Asli Daerah;2902965229551;;;;;;;;;;
2016;Bea Balik Nama Kendaraan Bermotor;Pendapatan Pajak Daerah;Pendapatan Asli Daerah;3895299997280;;;;;;;;;;
2016;Pajak Bahan Bakar Kendaraan Bermotor;Pendapatan Pajak Daerah;Pendapatan Asli Daerah;3017886989071;;;;;;;;;;
2016;Pajak Air Permukaan;Pendapatan Pajak Daerah;Pendapatan Asli Daerah;973514506721;;;;;;;;;;
2016;Pajak Rokok;Pendapatan Pajak Daerah;Pendapatan Asli Daerah;3207137238897;;;;;;;;;;
2016;Retribusi Jasa Umum;Hasil Retribusi Daerah;Pendapatan Asli Daerah;184906802727;;;;;;;;;;
2016;Retribusi Jasa Usaha;Hasil Retribusi Daerah;Pendapatan Asli Daerah;2421321463349;;;;;;;;;;
2016;Retribusi Perizinan Tertentu;Hasil Retribusi Daerah;Pendapatan Asli Daerah;1991027210355;;;;;;;;;;
2016;Bagian Laba atas Penyertaan Modal pada Perusahaan Milik Daerah/BUMD;Hasil Pengelolaan Kekayaan Daerah Yang Dipisahkan;Pendapatan Asli Daerah;1955220611001;;;;;;;;;;
2016;Bagian Laba atas Penyertaan Modal pada Perusahaan Milik Negara/BUMN;Hasil Pengelolaan Kekayaan Daerah Yang Dipisahkan;Pendapatan Asli Daerah;1836506408210;;;;;;;;;;
2016;Hasil Penjualan Aset Daerah Yang Tidak Dipisahkan;Lain-lain Pendapatan Asli Daerah Yang Sah;Pendapatan Asli Daerah;93248326845;;;;;;;;;;
2016;Jasa Giro;Lain-lain Pendapatan Asli Daerah Yang Sah;Pendapatan Asli Daerah;3159727501927;;;;;;;;;;
2016;Pendapatan Denda Atas Keterlambatan Pelaksanaan Pekerjaan;Lain-lain Pendapatan Asli Daerah Yang Sah;Pendapatan Asli Daerah;2195095679673;;;;;;;;;;
2016;Pendapatan Denda Pajak;Lain-lain Pendapatan Asli Daerah Yang Sah;Pendapatan Asli Daerah;249333819046;;;;;;;;;;
2016;Pendapatan Dari Pengembalian;Lain-lain Pendapatan Asli Daerah Yang Sah;Pendapatan Asli Daerah;3610684657033;;;;;;;;;;
2016;Pendapatan dari Penyelenggaraan Pendidikan dan Pelatihan;Lain-lain Pendapatan Asli Daerah Yang Sah;Pendapatan Asli Daerah;1408053902786;;;;;;;;;;
2016;Pendapatan dari Angsuran/Cicilan Penjualan;Lain-lain Pendapatan Asli Daerah Yang Sah;Pendapatan Asli Daerah;3937983939728;;;;;;;;;;
2016;Pendapatan BLUD;Lain-lain Pendapatan Asli Daerah Yang Sah;Pendapatan Asli Daerah;3161089952498;;;;;;;;;;
2016;Bagi Hasil Pajak;Dana Bagi Hasil Pajak/Bukan Pajak;Dana Perimbangan;3195712361082;;;;;;;;;;
2016;Bagi Hasil Bukan Pajak/Sumber Daya Alam;Dana Bagi Hasil Pajak/Bukan Pajak;Dana Perimbangan;2836501062938;;;;;;;;;;
2016;Dana Alokasi Umum;Dana Alokasi Umum;Dana Perimbangan;600037614897;;;;;;;;;;
2016;Dana Alokasi Khusus (DAK) Fisik;Dana Alokasi Khusus;Dana Perimbangan;1781630230137;;;;;;;;;;
2016;Dana Alokasi Khusus (DAK) Non Fisik;Dana Alokasi Khusus;Dana Perimbangan;3183817444735;;;;;;;;;;
2016;Pendapatan Hibah Dari Badan/Lembaga/Organisasi Swasta Dalam Negeri;Pendapatan Hibah;Lain-lain Pendapatan Hibah yang Sah;1435924597658;;;;;;;;;;
2016;Pendapatan Hibah Dari Kelompok Masyarakat/Perorangan;Pendapatan Hibah;Lain-lain Pendapatan Hibah yang Sah;3109381524883;;;;;;;;;;
2016;Gaji dan Tunjangan;Belanja Pegawai;Belanja Tidak Langsung;405004790309;;;;;;;;;;
2016;Tambahan Penghasilan PNS;Belanja Pegawai;Belanja Tidak Langsung;877155313954;;;;;;;;;;
2016;Belanja Penerimaan Lainnya Pimpinan dan Anggota DPRD serta KDH / WKDH;Belanja Pegawai;Belanja Tidak Langsung;3526365774403;;;;;;;;;;
2016;Insentif Pemungutan Pajak Daerah;Belanja Pegawai;Belanja Tidak Langsung;3096902225979;;;;;;;;;;
2016;Belanja Hibah kepada Badan/Lembaga/Organisasi;Belanja Hibah;Belanja Tidak Langsung;2683288800254;;;;;;;;;;
2016;Belanja Hibah Dana BOS;Belanja Hibah;Belanja Tidak Langsung;2703157270802;;;;;;;;;;
2016;Belanja Bagi Hasil Pajak Daerah Kepada Kabupaten/Kota;Belanja Bagi Hasil Kepada Provinsi/Kab/Kota/Desa;Belanja Tidak Langsung;474074429035;;;;;;;;;;
2016;Belanja Bantuan kepada Partai Politik;Belanja Bantuan Keuangan Keoada Provinsi/Kab/Kota/Desa dan Parpol;Belanja Tidak Langsung;379777140778;;;;;;;;;;
2016;Belanja Tidak Terduga;Belanja Tidak Terduga;Belanja Tidak Langsung;183433140223;;;;;;;;;;
2016;Honorarium PNS;Belanja Pegawai (BL);Belanja Langsung;3376949032683;;;;;;;;;;
2016;Honorarium  Non PNS;Belanja Pegawai (BL);Belanja Langsung;3410761221576;;;;;;;;;;
2016;Honorarium Pengelolaan Dana BOS;Belanja Pegawai (BL);Belanja Langsung;682028670455;;;;;;;;;;
2016;Belanja Bahan Pakai Habis;Belanja Barang Jasa;Belanja Langsung;875510170770;;;;;;;;;;
2016;Belanja Bahan/Material;Belanja Barang Jasa;Belanja Langsung;1860281017851;;;;;;;;;;
2016;Belanja Jasa Kantor;Belanja Barang Jasa;Belanja Langsung;725768961976;;;;;;;;;;
2016;Belanja Premi Asuransi;Belanja Barang Jasa;Belanja Langsung;2709923036566;;;;;;;;;;
2016;Belanja Perawatan Kendaraan Bermotor;Belanja Barang Jasa;Belanja Langsung;688991190942;;;;;;;;;;
2016;Belanja Cetak dan Penggandaan;Belanja Barang Jasa;Belanja Langsung;2556411917356;;;;;;;;;;
2016;Belanja Sewa Rumah/Gedung/Gudang/Parkir;Belanja Barang Jasa;Belanja Langsung;3840155145749;;;;;;;;;;
2016;Belanja Sewa Sarana Mobilitas;Belanja Barang Jasa;Belanja Langsung;463191250777;;;;;;;;;;
2016;Belanja Sewa Alat Berat;Belanja Barang Jasa;Belanja Langsung;2828825716458;;;;;;;;;;
2016;Belanja Sewa Perlengkapan dan Peralatan Kantor;Belanja Barang Jasa;Belanja Langsung;1421185423020;;;;;;;;;;
2016;Belanja Makanan dan  Minuman;Belanja Barang Jasa;Belanja Langsung;70750249288;;;;;;;;;;
2016;Belanja Pakaian Dinas dan Atributnya;Belanja Barang Jasa;Belanja Langsung;2328914189297;;;;;;;;;;
2016;Belanja Pakaian Kerja;Belanja Barang Jasa;Belanja Langsung;2060408549799;;;;;;;;;;
2016;Belanja Pakaian khusus dan hari-hari tertentu;Belanja Barang Jasa;Belanja Langsung;1266821117680;;;;;;;;;;
2016;Belanja Perjalanan Dinas;Belanja Barang Jasa;Belanja Langsung;464208811867;;;;;;;;;;
2016;Belanja Beasiswa Pendidikan PNS;Belanja Barang Jasa;Belanja Langsung;2484079554888;;;;;;;;;;
2016;Belanja kursus, pelatihan, sosialisasi dan bimbingan teknis PNS;Belanja Barang Jasa;Belanja Langsung;287564091408;;;;;;;;;;
2016;Belanja Pemeliharaan;Belanja Barang Jasa;Belanja Langsung;3253377008630;;;;;;;;;;
2016;Belanja Jasa Konsultansi;Belanja Barang Jasa;Belanja Langsung;1543665031802;;;;;;;;;;
2016;Belanja Barang Dana BOS;Belanja Barang Jasa;Belanja Langsung;3920937471464;;;;;;;;;;
2016;Belanja Barang Yang Akan Diserahkan Kepada Masyarakat/Pihak Ketiga;Belanja Barang Jasa;Belanja Langsung;489103036693;;;;;;;;;;
2016;Belanja Jasa Tenaga Pendukung;Belanja Barang Jasa;Belanja Langsung;10161850053;;;;;;;;;;
2016;Belanja Hibah Barang Yang Akan Diserahkan Kepada Masyarakat/Pihak Ketiga;Belanja Barang Jasa;Belanja Langsung;775482260972;;;;;;;;;;
2016;Uang Untuk Diberikan Kepada Masyarakat/Pihak Ketiga;Belanja Barang Jasa;Belanja Langsung;1972075313721;;;;;;;;;;
2016;Belanja Modal Tanah - Pengadaan Tanah Perkebunan;Belanja Modal;Belanja Langsung;2085312022213;;;;;;;;;;
2016;Belanja Modal Tanah - Pengadaan Kolam Ikan;Belanja Modal;Belanja Langsung;2547012985280;;;;;;;;;;
2016;Belanja Modal Tanah - Pengadaan Tanah Pengguna Lain;Belanja Modal;Belanja Langsung;2205168450558;;;;;;;;;;
2016;Belanja Modal Tanah - Pengadaan Tanah Untuk Bangunan Gedung;Belanja Modal;Belanja Langsung;3869566637088;;;;;;;;;;
2016;Belanja Modal Tanah - Pengadaan Tanah Untuk Bangunan Bukan Gedung;Belanja Modal;Belanja Langsung;2543494940273;;;;;;;;;;
2016;Belanja Modal Peralatan dan Mesin - Pengadaan Alat-alat Besar Darat;Belanja Modal;Belanja Langsung;1720327519007;;;;;;;;;;
2016;Belanja Modal Peralatan dan Mesin - Pengadaan Alat-alat Bantu;Belanja Modal;Belanja Langsung;167253956012;;;;;;;;;;
2016;Belanja Modal Peralatan dan Mesin - Pengadaan Alat Angkutan Darat Bermotor;Belanja Modal;Belanja Langsung;1936581166265;;;;;;;;;;
2016;Belanja Modal Peralatan dan Mesin - Pengadaan Alat Angkut Apung Bermotor;Belanja Modal;Belanja Langsung;2026955457270;;;;;;;;;;
2016;Belanja Modal Peralatan dan Mesin - Pengadaan Alat Bengkel Bermesin;Belanja Modal;Belanja Langsung;3888739877536;;;;;;;;;;
2016;Belanja Modal Peralatan dan Mesin - Pengadaan Alat Ukur;Belanja Modal;Belanja Langsung;2485555994749;;;;;;;;;;
2016;Belanja Modal Peralatan dan Mesin - Pengadaan Alat Pengolahan;Belanja Modal;Belanja Langsung;488486707780;;;;;;;;;;
2016;Belanja Modal Peralatan dan Mesin - Pengadaan Alat Pemeliharaan Tanaman/Alat Penyimpan;Belanja Modal;Belanja Langsung;1517370656308;;;;;;;;;;
2016;Belanja Modal Peralatan dan Mesin - Pengadaan Alat Kantor;Belanja Modal;Belanja Langsung;3156553480341;;;;;;;;;;
2016;Belanja Modal Peralatan dan Mesin - Pengadaan Alat Rumah Tangga;Belanja Modal;Belanja Langsung;3297139627825;;;;;;;;;;
2016;Belanja Modal Peralatan dan Mesin - Pengadaan Komputer;Belanja Modal;Belanja Langsung;2242565241904;;;;;;;;;;
2016;Belanja Modal Peralatan dan Mesin - Pengadaan Meja dan Kursi Kerja/Rapat Pejabat;Belanja Modal;Belanja Langsung;2025451006486;;;;;;;;;;
2016;Belanja Modal Peralatan dan Mesin - Pengadaan Alat Studio;Belanja Modal;Belanja Langsung;1943377146111;;;;;;;;;;
2016;Belanja Modal Peralatan dan Mesin - Pengadaan Alat Komunikasi;Belanja Modal;Belanja Langsung;2250902524573;;;;;;;;;;
2016;Belanja Modal Peralatan dan Mesin - Pengadaan Alat Kedokteran;Belanja Modal;Belanja Langsung;2609143209016;;;;;;;;;;
2016;Belanja Modal Peralatan dan Mesin - Pengadaan Alat Kesehatan;Belanja Modal;Belanja Langsung;3689992399604;;;;;;;;;;
2016;Belanja Modal Peralatan dan Mesin - Pengadaan Unit-Unit Laboratorium;Belanja Modal;Belanja Langsung;898025000481;;;;;;;;;;
2016;Belanja Modal Peralatan dan Mesin - Pengadaan Alat Peraga/Praktek Sekolah;Belanja Modal;Belanja Langsung;181796873873;;;;;;;;;;
2016;Belanja Modal Peralatan dan Mesin - Pengadaan Alat Laboratorium Lingkungan Hidup;Belanja Modal;Belanja Langsung;2006760334942;;;;;;;;;;
2016;Belanja Modal Peralatan dan Mesin - Pengadaan Persenjataan Non Senjata Api;Belanja Modal;Belanja Langsung;2987763726035;;;;;;;;;;
2016;Belanja Modal Peralatan dan Mesin -Pengadaan Alat Keamanan dan Perlindungan;Belanja Modal;Belanja Langsung;353789742421;;;;;;;;;;
2016;Belanja Modal Gedung dan Bangunan - Pengadaan Bangunan Gedung Tempat Kerja;Belanja Modal;Belanja Langsung;1497309232296;;;;;;;;;;
2016;Belanja Modal Gedung dan Bangunan - Pengadaan Bangunan Gedung Tempat Tinggal;Belanja Modal;Belanja Langsung;1316706883635;;;;;;;;;;
2016;Belanja Modal Gedung dan Bangunan - Pengadaan Bangunan Monumen/Bangunan Bersejarah lainnya;Belanja Modal;Belanja Langsung;3192711098937;;;;;;;;;;
2016;Belanja Modal Gedung dan Bangunan - Pengadaan Bangunan Tugu Titik Kontrol/Pasti;Belanja Modal;Belanja Langsung;1047244544243;;;;;;;;;;
2016;Belanja Modal Jalan, Irigasi dan Jaringan - Pengadaan Jalan;Belanja Modal;Belanja Langsung;2452569266095;;;;;;;;;;
2016;Belanja Modal Jalan, Irigasi dan Jaringan - Pengadaan Jembatan;Belanja Modal;Belanja Langsung;696902566218;;;;;;;;;;
2016;Belanja Modal Jalan, Irigasi dan Jaringan - Pengadaan Bangunan Air Irigasi;Belanja Modal;Belanja Langsung;2682926333558;;;;;;;;;;
2016;Belanja Modal Jalan, Irigasi dan Jaringan - Pengadaan Bangunan Air Rawa;Belanja Modal;Belanja Langsung;3397756246911;;;;;;;;;;
2016;Belanja Modal Jalan, Irigasi dan Jaringan - Pengadaan Bangunan Pengaman Sungai dan Penaggulangan Be;Belanja Modal;Belanja Langsung;2697985002773;;;;;;;;;;
2016;Belanja Modal Jalan, Irigasi dan Jaringan - Pengadaan Bangunan Pembangunan Sumber Air dan Air Tanah;Belanja Modal;Belanja Langsung;2020087421032;;;;;;;;;;
2016;Belanja Modal Jalan, Irigasi dan Jaringan - Pengadaan Bangunan Air Bersih/Baku;Belanja Modal;Belanja Langsung;1012158949456;;;;;;;;;;
2016;Belanja Modal Jalan, Irigasi dan Jaringan - Pengadaan Bangunan Air Kotor;Belanja Modal;Belanja Langsung;1363965792304;;;;;;;;;;
2016;Belanja Modal Jalan, Irigasi dan Jaringan - Pengadaan Bangunan Air;Belanja Modal;Belanja Langsung;2552406128078;;;;;;;;;;
2016;Belanja Modal Jalan, Irigasi dan Jaringan - Pengadaan Instalasi Air Minum/Air Bersih;Belanja Modal;Belanja Langsung;3992151958982;;;;;;;;;;
2016;Belanja Modal Jalan, Irigasi dan Jaringan - Pengadaan Instalasi Pengolahan Sampah;Belanja Modal;Belanja Langsung;1047034444358;;;;;;;;;;
2016;Belanja Modal Jalan, Irigasi dan Jaringan - Pengadaan Instalasi Pembangkit Listrik;Belanja Modal;Belanja Langsung;1210030058090;;;;;;;;;;
2016;Belanja Modal Jalan, Irigasi dan Jaringan - Pengadaan Instalasi Pertahanan;Belanja Modal;Belanja Langsung;556126661289;;;;;;;;;;
2016;Belanja Modal Jalan, Irigasi dan Jaringan - Pengadaan Jaringan Air Minum;Belanja Modal;Belanja Langsung;378657013359;;;;;;;;;;
2016;Belanja Modal Jalan, Irigasi dan Jaringan - Pengadaan Jaringan Listrik;Belanja Modal;Belanja Langsung;894157336375;;;;;;;;;;
2016;Belanja Modal Jalan, Irigasi dan Jaringan - Pengadaan Jaringan Telepon;Belanja Modal;Belanja Langsung;1619463495717;;;;;;;;;;
2016;Belanja Modal dan Aset Tetap Lainnya - Pengadaan Buku;Belanja Modal;Belanja Langsung;1486240401262;;;;;;;;;;
2016;Belanja Modal dan Aset Tetap Lainnya - Pengadaan Barang Bercorak Kebudayaan;Belanja Modal;Belanja Langsung;2852110989592;;;;;;;;;;
2016;Belanja Modal dan Aset Tetap Lainnya - Pengadaan Alat Olah Raga Lainnya;Belanja Modal;Belanja Langsung;3119427256523;;;;;;;;;;
2016;Belanja Modal dan Aset Tetap Lainnya - Pengadaan Hewan;Belanja Modal;Belanja Langsung;1279805114353;;;;;;;;;;
2016;Belanja Modal dan Aset Tetap Lainnya - Pengadaan Tanaman;Belanja Modal;Belanja Langsung;2458204202191;;;;;;;;;;
2016;Belanja Modal dan Aset Tetap Lainnya - Pengadaan Aset Tetap Renovasi;Belanja Modal;Belanja Langsung;219523522696;;;;;;;;;;
2016;Belanja Modal Peralatan dan Mesin - BOS;Belanja Modal;Belanja Langsung;3635142560038;;;;;;;;;;
2016;Belanja Modal dan Aset Tetap Lainnya - BOS;Belanja Modal;Belanja Langsung;1060335717018;;;;;;;;;;
2017;Pajak Kendaraan Bermotor;Pendapatan Pajak Daerah;Pendapatan Asli Daerah;3509944963685;;;;;;;;;;
2017;Bea Balik Nama Kendaraan Bermotor;Pendapatan Pajak Daerah;Pendapatan Asli Daerah;2993941378578;;;;;;;;;;
2017;Pajak Bahan Bakar Kendaraan Bermotor;Pendapatan Pajak Daerah;Pendapatan Asli Daerah;704756276928;;;;;;;;;;
2017;Pajak Air Permukaan;Pendapatan Pajak Daerah;Pendapatan Asli Daerah;887869058219;;;;;;;;;;
2017;Pajak Rokok;Pendapatan Pajak Daerah;Pendapatan Asli Daerah;315965241889;;;;;;;;;;
2017;Retribusi Jasa Umum;Hasil Retribusi Daerah;Pendapatan Asli Daerah;3217035013295;;;;;;;;;;
2017;Retribusi Jasa Usaha;Hasil Retribusi Daerah;Pendapatan Asli Daerah;2141532768823;;;;;;;;;;
2017;Retribusi Perizinan Tertentu;Hasil Retribusi Daerah;Pendapatan Asli Daerah;3909304376272;;;;;;;;;;
2017;Bagian Laba atas Penyertaan Modal pada Perusahaan Milik Daerah/BUMD;Hasil Pengelolaan Kekayaan Daerah Yang Dipisahkan;Pendapatan Asli Daerah;1155630430865;;;;;;;;;;
2017;Bagian Laba atas Penyertaan Modal pada Perusahaan Milik Negara/BUMN;Hasil Pengelolaan Kekayaan Daerah Yang Dipisahkan;Pendapatan Asli Daerah;1822150045394;;;;;;;;;;
2017;Hasil Penjualan Aset Daerah Yang Tidak Dipisahkan;Lain-lain Pendapatan Asli Daerah Yang Sah;Pendapatan Asli Daerah;3056770521147;;;;;;;;;;
2017;Jasa Giro;Lain-lain Pendapatan Asli Daerah Yang Sah;Pendapatan Asli Daerah;3859953293065;;;;;;;;;;
2017;Pendapatan Denda Atas Keterlambatan Pelaksanaan Pekerjaan;Lain-lain Pendapatan Asli Daerah Yang Sah;Pendapatan Asli Daerah;2570134729726;;;;;;;;;;
2017;Pendapatan Denda Pajak;Lain-lain Pendapatan Asli Daerah Yang Sah;Pendapatan Asli Daerah;872935569421;;;;;;;;;;
2017;Pendapatan Dari Pengembalian;Lain-lain Pendapatan Asli Daerah Yang Sah;Pendapatan Asli Daerah;467205230928;;;;;;;;;;
2017;Pendapatan dari Penyelenggaraan Pendidikan dan Pelatihan;Lain-lain Pendapatan Asli Daerah Yang Sah;Pendapatan Asli Daerah;1649529023321;;;;;;;;;;
2017;Pendapatan dari Angsuran/Cicilan Penjualan;Lain-lain Pendapatan Asli Daerah Yang Sah;Pendapatan Asli Daerah;2744378843968;;;;;;;;;;
2017;Pendapatan BLUD;Lain-lain Pendapatan Asli Daerah Yang Sah;Pendapatan Asli Daerah;720445695493;;;;;;;;;;
2017;Bagi Hasil Pajak;Dana Bagi Hasil Pajak/Bukan Pajak;Dana Perimbangan;1421898072525;;;;;;;;;;
2017;Bagi Hasil Bukan Pajak/Sumber Daya Alam;Dana Bagi Hasil Pajak/Bukan Pajak;Dana Perimbangan;135892015433;;;;;;;;;;
2017;Dana Alokasi Umum;Dana Alokasi Umum;Dana Perimbangan;3061041707444;;;;;;;;;;
2017;Dana Alokasi Khusus (DAK) Fisik;Dana Alokasi Khusus;Dana Perimbangan;19418988748;;;;;;;;;;
2017;Dana Alokasi Khusus (DAK) Non Fisik;Dana Alokasi Khusus;Dana Perimbangan;200185827234;;;;;;;;;;
2017;Pendapatan Hibah Dari Badan/Lembaga/Organisasi Swasta Dalam Negeri;Pendapatan Hibah;Lain-lain Pendapatan Hibah yang Sah;2675677640262;;;;;;;;;;
2017;Pendapatan Hibah Dari Kelompok Masyarakat/Perorangan;Pendapatan Hibah;Lain-lain Pendapatan Hibah yang Sah;2177319767018;;;;;;;;;;
2017;Gaji dan Tunjangan;Belanja Pegawai;Belanja Tidak Langsung;211078009399;;;;;;;;;;
2017;Tambahan Penghasilan PNS;Belanja Pegawai;Belanja Tidak Langsung;1032888076932;;;;;;;;;;
2017;Belanja Penerimaan Lainnya Pimpinan dan Anggota DPRD serta KDH / WKDH;Belanja Pegawai;Belanja Tidak Langsung;1410994217916;;;;;;;;;;
2017;Insentif Pemungutan Pajak Daerah;Belanja Pegawai;Belanja Tidak Langsung;1181094477962;;;;;;;;;;
2017;Belanja Hibah kepada Badan/Lembaga/Organisasi;Belanja Hibah;Belanja Tidak Langsung;1820308932373;;;;;;;;;;
2017;Belanja Hibah Dana BOS;Belanja Hibah;Belanja Tidak Langsung;3268878805580;;;;;;;;;;
2017;Belanja Bagi Hasil Pajak Daerah Kepada Kabupaten/Kota;Belanja Bagi Hasil Kepada Provinsi/Kab/Kota/Desa;Belanja Tidak Langsung;1939570444350;;;;;;;;;;
2017;Belanja Bantuan kepada Partai Politik;Belanja Bantuan Keuangan Keoada Provinsi/Kab/Kota/Desa dan Parpol;Belanja Tidak Langsung;829457454850;;;;;;;;;;
2017;Belanja Tidak Terduga;Belanja Tidak Terduga;Belanja Tidak Langsung;2852580969047;;;;;;;;;;
2017;Honorarium PNS;Belanja Pegawai (BL);Belanja Langsung;285927259164;;;;;;;;;;
2017;Honorarium  Non PNS;Belanja Pegawai (BL);Belanja Langsung;3961184460481;;;;;;;;;;
2017;Honorarium Pengelolaan Dana BOS;Belanja Pegawai (BL);Belanja Langsung;2362929294861;;;;;;;;;;
2017;Belanja Bahan Pakai Habis;Belanja Barang Jasa;Belanja Langsung;829533815069;;;;;;;;;;
2017;Belanja Bahan/Material;Belanja Barang Jasa;Belanja Langsung;3262085705224;;;;;;;;;;
2017;Belanja Jasa Kantor;Belanja Barang Jasa;Belanja Langsung;519554273124;;;;;;;;;;
2017;Belanja Premi Asuransi;Belanja Barang Jasa;Belanja Langsung;889954248665;;;;;;;;;;
2017;Belanja Perawatan Kendaraan Bermotor;Belanja Barang Jasa;Belanja Langsung;2448139115076;;;;;;;;;;
2017;Belanja Cetak dan Penggandaan;Belanja Barang Jasa;Belanja Langsung;2447634282942;;;;;;;;;;
2017;Belanja Sewa Rumah/Gedung/Gudang/Parkir;Belanja Barang Jasa;Belanja Langsung;2183410973069;;;;;;;;;;
2017;Belanja Sewa Sarana Mobilitas;Belanja Barang Jasa;Belanja Langsung;87613156727;;;;;;;;;;
2017;Belanja Sewa Alat Berat;Belanja Barang Jasa;Belanja Langsung;1656994084996;;;;;;;;;;
2017;Belanja Sewa Perlengkapan dan Peralatan Kantor;Belanja Barang Jasa;Belanja Langsung;1789926603537;;;;;;;;;;
2017;Belanja Makanan dan  Minuman;Belanja Barang Jasa;Belanja Langsung;2418749899291;;;;;;;;;;
2017;Belanja Pakaian Dinas dan Atributnya;Belanja Barang Jasa;Belanja Langsung;1128441338488;;;;;;;;;;
2017;Belanja Pakaian Kerja;Belanja Barang Jasa;Belanja Langsung;2780139197177;;;;;;;;;;
2017;Belanja Pakaian khusus dan hari-hari tertentu;Belanja Barang Jasa;Belanja Langsung;3581077297909;;;;;;;;;;
2017;Belanja Perjalanan Dinas;Belanja Barang Jasa;Belanja Langsung;3312289908378;;;;;;;;;;
2017;Belanja Beasiswa Pendidikan PNS;Belanja Barang Jasa;Belanja Langsung;1670544076187;;;;;;;;;;
2017;Belanja kursus, pelatihan, sosialisasi dan bimbingan teknis PNS;Belanja Barang Jasa;Belanja Langsung;840780874693;;;;;;;;;;
2017;Belanja Pemeliharaan;Belanja Barang Jasa;Belanja Langsung;490419822930;;;;;;;;;;
2017;Belanja Jasa Konsultansi;Belanja Barang Jasa;Belanja Langsung;2560355081134;;;;;;;;;;
2017;Belanja Barang Dana BOS;Belanja Barang Jasa;Belanja Langsung;3310833550859;;;;;;;;;;
2017;Belanja Barang Yang Akan Diserahkan Kepada Masyarakat/Pihak Ketiga;Belanja Barang Jasa;Belanja Langsung;711742603504;;;;;;;;;;
2017;Belanja Jasa Tenaga Pendukung;Belanja Barang Jasa;Belanja Langsung;3946438833448;;;;;;;;;;
2017;Belanja Hibah Barang Yang Akan Diserahkan Kepada Masyarakat/Pihak Ketiga;Belanja Barang Jasa;Belanja Langsung;2477602236810;;;;;;;;;;
2017;Uang Untuk Diberikan Kepada Masyarakat/Pihak Ketiga;Belanja Barang Jasa;Belanja Langsung;2715639487672;;;;;;;;;;
2017;Belanja Modal Tanah - Pengadaan Tanah Perkebunan;Belanja Modal;Belanja Langsung;3458183048553;;;;;;;;;;
2017;Belanja Modal Tanah - Pengadaan Kolam Ikan;Belanja Modal;Belanja Langsung;3191263514156;;;;;;;;;;
2017;Belanja Modal Tanah - Pengadaan Tanah Pengguna Lain;Belanja Modal;Belanja Langsung;3373739096944;;;;;;;;;;
2017;Belanja Modal Tanah - Pengadaan Tanah Untuk Bangunan Gedung;Belanja Modal;Belanja Langsung;913733833641;;;;;;;;;;
2017;Belanja Modal Tanah - Pengadaan Tanah Untuk Bangunan Bukan Gedung;Belanja Modal;Belanja Langsung;536126747212;;;;;;;;;;
2017;Belanja Modal Peralatan dan Mesin - Pengadaan Alat-alat Besar Darat;Belanja Modal;Belanja Langsung;3040448323616;;;;;;;;;;
2017;Belanja Modal Peralatan dan Mesin - Pengadaan Alat-alat Bantu;Belanja Modal;Belanja Langsung;79765606123;;;;;;;;;;
2017;Belanja Modal Peralatan dan Mesin - Pengadaan Alat Angkutan Darat Bermotor;Belanja Modal;Belanja Langsung;2683648645637;;;;;;;;;;
2017;Belanja Modal Peralatan dan Mesin - Pengadaan Alat Angkut Apung Bermotor;Belanja Modal;Belanja Langsung;1982093207272;;;;;;;;;;
2017;Belanja Modal Peralatan dan Mesin - Pengadaan Alat Bengkel Bermesin;Belanja Modal;Belanja Langsung;2588797654753;;;;;;;;;;
2017;Belanja Modal Peralatan dan Mesin - Pengadaan Alat Ukur;Belanja Modal;Belanja Langsung;523894866066;;;;;;;;;;
2017;Belanja Modal Peralatan dan Mesin - Pengadaan Alat Pengolahan;Belanja Modal;Belanja Langsung;1868041319878;;;;;;;;;;
2017;Belanja Modal Peralatan dan Mesin - Pengadaan Alat Pemeliharaan Tanaman/Alat Penyimpan;Belanja Modal;Belanja Langsung;1399734228706;;;;;;;;;;
2017;Belanja Modal Peralatan dan Mesin - Pengadaan Alat Kantor;Belanja Modal;Belanja Langsung;2031015766926;;;;;;;;;;
2017;Belanja Modal Peralatan dan Mesin - Pengadaan Alat Rumah Tangga;Belanja Modal;Belanja Langsung;1284128232277;;;;;;;;;;
2017;Belanja Modal Peralatan dan Mesin - Pengadaan Komputer;Belanja Modal;Belanja Langsung;1328161054646;;;;;;;;;;
2017;Belanja Modal Peralatan dan Mesin - Pengadaan Meja dan Kursi Kerja/Rapat Pejabat;Belanja Modal;Belanja Langsung;3894271646848;;;;;;;;;;
2017;Belanja Modal Peralatan dan Mesin - Pengadaan Alat Studio;Belanja Modal;Belanja Langsung;1705999107066;;;;;;;;;;
2017;Belanja Modal Peralatan dan Mesin - Pengadaan Alat Komunikasi;Belanja Modal;Belanja Langsung;1817565346171;;;;;;;;;;
2017;Belanja Modal Peralatan dan Mesin - Pengadaan Alat Kedokteran;Belanja Modal;Belanja Langsung;3419735295656;;;;;;;;;;
2017;Belanja Modal Peralatan dan Mesin - Pengadaan Alat Kesehatan;Belanja Modal;Belanja Langsung;103321410428;;;;;;;;;;
2017;Belanja Modal Peralatan dan Mesin - Pengadaan Unit-Unit Laboratorium;Belanja Modal;Belanja Langsung;2575265118956;;;;;;;;;;
2017;Belanja Modal Peralatan dan Mesin - Pengadaan Alat Peraga/Praktek Sekolah;Belanja Modal;Belanja Langsung;1983574208470;;;;;;;;;;
2017;Belanja Modal Peralatan dan Mesin - Pengadaan Alat Laboratorium Lingkungan Hidup;Belanja Modal;Belanja Langsung;3185577431775;;;;;;;;;;
2017;Belanja Modal Peralatan dan Mesin - Pengadaan Persenjataan Non Senjata Api;Belanja Modal;Belanja Langsung;124066348320;;;;;;;;;;
2017;Belanja Modal Peralatan dan Mesin -Pengadaan Alat Keamanan dan Perlindungan;Belanja Modal;Belanja Langsung;308305227575;;;;;;;;;;
2017;Belanja Modal Gedung dan Bangunan - Pengadaan Bangunan Gedung Tempat Kerja;Belanja Modal;Belanja Langsung;3668565040806;;;;;;;;;;
2017;Belanja Modal Gedung dan Bangunan - Pengadaan Bangunan Gedung Tempat Tinggal;Belanja Modal;Belanja Langsung;2374573713265;;;;;;;;;;
2017;Belanja Modal Gedung dan Bangunan - Pengadaan Bangunan Monumen/Bangunan Bersejarah lainnya;Belanja Modal;Belanja Langsung;991094354970;;;;;;;;;;
2017;Belanja Modal Gedung dan Bangunan - Pengadaan Bangunan Tugu Titik Kontrol/Pasti;Belanja Modal;Belanja Langsung;3453711050587;;;;;;;;;;
2017;Belanja Modal Jalan, Irigasi dan Jaringan - Pengadaan Jalan;Belanja Modal;Belanja Langsung;784704143144;;;;;;;;;;
2017;Belanja Modal Jalan, Irigasi dan Jaringan - Pengadaan Jembatan;Belanja Modal;Belanja Langsung;3127351309665;;;;;;;;;;
2017;Belanja Modal Jalan, Irigasi dan Jaringan - Pengadaan Bangunan Air Irigasi;Belanja Modal;Belanja Langsung;1046375631603;;;;;;;;;;
2017;Belanja Modal Jalan, Irigasi dan Jaringan - Pengadaan Bangunan Air Rawa;Belanja Modal;Belanja Langsung;3654696085910;;;;;;;;;;
2017;Belanja Modal Jalan, Irigasi dan Jaringan - Pengadaan Bangunan Pengaman Sungai dan Penaggulangan Be;Belanja Modal;Belanja Langsung;313523251850;;;;;;;;;;
2017;Belanja Modal Jalan, Irigasi dan Jaringan - Pengadaan Bangunan Pembangunan Sumber Air dan Air Tanah;Belanja Modal;Belanja Langsung;1095791140430;;;;;;;;;;
2017;Belanja Modal Jalan, Irigasi dan Jaringan - Pengadaan Bangunan Air Bersih/Baku;Belanja Modal;Belanja Langsung;2189760270462;;;;;;;;;;
2017;Belanja Modal Jalan, Irigasi dan Jaringan - Pengadaan Bangunan Air Kotor;Belanja Modal;Belanja Langsung;3559960052554;;;;;;;;;;
2017;Belanja Modal Jalan, Irigasi dan Jaringan - Pengadaan Bangunan Air;Belanja Modal;Belanja Langsung;3924874715868;;;;;;;;;;
2017;Belanja Modal Jalan, Irigasi dan Jaringan - Pengadaan Instalasi Air Minum/Air Bersih;Belanja Modal;Belanja Langsung;514319273181;;;;;;;;;;
2017;Belanja Modal Jalan, Irigasi dan Jaringan - Pengadaan Instalasi Pengolahan Sampah;Belanja Modal;Belanja Langsung;1678473968582;;;;;;;;;;
2017;Belanja Modal Jalan, Irigasi dan Jaringan - Pengadaan Instalasi Pembangkit Listrik;Belanja Modal;Belanja Langsung;2096077386862;;;;;;;;;;
2017;Belanja Modal Jalan, Irigasi dan Jaringan - Pengadaan Instalasi Pertahanan;Belanja Modal;Belanja Langsung;2518437478861;;;;;;;;;;
2017;Belanja Modal Jalan, Irigasi dan Jaringan - Pengadaan Jaringan Air Minum;Belanja Modal;Belanja Langsung;717189757594;;;;;;;;;;
2017;Belanja Modal Jalan, Irigasi dan Jaringan - Pengadaan Jaringan Listrik;Belanja Modal;Belanja Langsung;1888614533208;;;;;;;;;;
2017;Belanja Modal Jalan, Irigasi dan Jaringan - Pengadaan Jaringan Telepon;Belanja Modal;Belanja Langsung;2052362276861;;;;;;;;;;
2017;Belanja Modal dan Aset Tetap Lainnya - Pengadaan Buku;Belanja Modal;Belanja Langsung;832606003918;;;;;;;;;;
2017;Belanja Modal dan Aset Tetap Lainnya - Pengadaan Barang Bercorak Kebudayaan;Belanja Modal;Belanja Langsung;569596842303;;;;;;;;;;
2017;Belanja Modal dan Aset Tetap Lainnya - Pengadaan Alat Olah Raga Lainnya;Belanja Modal;Belanja Langsung;1937052250413;;;;;;;;;;
2017;Belanja Modal dan Aset Tetap Lainnya - Pengadaan Hewan;Belanja Modal;Belanja Langsung;2023014141678;;;;;;;;;;
2017;Belanja Modal dan Aset Tetap Lainnya - Pengadaan Tanaman;Belanja Modal;Belanja Langsung;2944804741825;;;;;;;;;;
2017;Belanja Modal dan Aset Tetap Lainnya - Pengadaan Aset Tetap Renovasi;Belanja Modal;Belanja Langsung;3886382185844;;;;;;;;;;
2017;Belanja Modal Peralatan dan Mesin - BOS;Belanja Modal;Belanja Langsung;371729346982;;;;;;;;;;
2017;Belanja Modal dan Aset Tetap Lainnya - BOS;Belanja Modal;Belanja Langsung;1129021561601;;;;;;;;;;
2018;Pajak Kendaraan Bermotor;Pendapatan Pajak Daerah;Pendapatan Asli Daerah;674414881901;;;;;;;;;;
2018;Bea Balik Nama Kendaraan Bermotor;Pendapatan Pajak Daerah;Pendapatan Asli Daerah;2623863410763;;;;;;;;;;
2018;Pajak Bahan Bakar Kendaraan Bermotor;Pendapatan Pajak Daerah;Pendapatan Asli Daerah;3792060418730;;;;;;;;;;
2018;Pajak Air Permukaan;Pendapatan Pajak Daerah;Pendapatan Asli Daerah;1991867252071;;;;;;;;;;
2018;Pajak Rokok;Pendapatan Pajak Daerah;Pendapatan Asli Daerah;2533162612754;;;;;;;;;;
2018;Retribusi Jasa Umum;Hasil Retribusi Daerah;Pendapatan Asli Daerah;2402809445103;;;;;;;;;;
2018;Retribusi Jasa Usaha;Hasil Retribusi Daerah;Pendapatan Asli Daerah;3369944051478;;;;;;;;;;
2018;Retribusi Perizinan Tertentu;Hasil Retribusi Daerah;Pendapatan Asli Daerah;1328473694976;;;;;;;;;;
2018;Bagian Laba atas Penyertaan Modal pada Perusahaan Milik Daerah/BUMD;Hasil Pengelolaan Kekayaan Daerah Yang Dipisahkan;Pendapatan Asli Daerah;3149999056442;;;;;;;;;;
2018;Bagian Laba atas Penyertaan Modal pada Perusahaan Milik Negara/BUMN;Hasil Pengelolaan Kekayaan Daerah Yang Dipisahkan;Pendapatan Asli Daerah;2937600158755;;;;;;;;;;
2018;Hasil Penjualan Aset Daerah Yang Tidak Dipisahkan;Lain-lain Pendapatan Asli Daerah Yang Sah;Pendapatan Asli Daerah;1381611230863;;;;;;;;;;
2018;Jasa Giro;Lain-lain Pendapatan Asli Daerah Yang Sah;Pendapatan Asli Daerah;1089787019175;;;;;;;;;;
2018;Pendapatan Denda Atas Keterlambatan Pelaksanaan Pekerjaan;Lain-lain Pendapatan Asli Daerah Yang Sah;Pendapatan Asli Daerah;1182956761679;;;;;;;;;;
2018;Pendapatan Denda Pajak;Lain-lain Pendapatan Asli Daerah Yang Sah;Pendapatan Asli Daerah;1326424649954;;;;;;;;;;
2018;Pendapatan Dari Pengembalian;Lain-lain Pendapatan Asli Daerah Yang Sah;Pendapatan Asli Daerah;581000502931;;;;;;;;;;
2018;Pendapatan dari Penyelenggaraan Pendidikan dan Pelatihan;Lain-lain Pendapatan Asli Daerah Yang Sah;Pendapatan Asli Daerah;2532367870957;;;;;;;;;;
2018;Pendapatan dari Angsuran/Cicilan Penjualan;Lain-lain Pendapatan Asli Daerah Yang Sah;Pendapatan Asli Daerah;1582766746615;;;;;;;;;;
2018;Pendapatan BLUD;Lain-lain Pendapatan Asli Daerah Yang Sah;Pendapatan Asli Daerah;631730973053;;;;;;;;;;
2018;Bagi Hasil Pajak;Dana Bagi Hasil Pajak/Bukan Pajak;Dana Perimbangan;796850289642;;;;;;;;;;
2018;Bagi Hasil Bukan Pajak/Sumber Daya Alam;Dana Bagi Hasil Pajak/Bukan Pajak;Dana Perimbangan;1712194864062;;;;;;;;;;
2018;Dana Alokasi Umum;Dana Alokasi Umum;Dana Perimbangan;2865603599525;;;;;;;;;;
2018;Dana Alokasi Khusus (DAK) Fisik;Dana Alokasi Khusus;Dana Perimbangan;553763821920;;;;;;;;;;
2018;Dana Alokasi Khusus (DAK) Non Fisik;Dana Alokasi Khusus;Dana Perimbangan;1512670729443;;;;;;;;;;
2018;Pendapatan Hibah Dari Badan/Lembaga/Organisasi Swasta Dalam Negeri;Pendapatan Hibah;Lain-lain Pendapatan Hibah yang Sah;3288540666155;;;;;;;;;;
2018;Pendapatan Hibah Dari Kelompok Masyarakat/Perorangan;Pendapatan Hibah;Lain-lain Pendapatan Hibah yang Sah;3486200265457;;;;;;;;;;
2018;Gaji dan Tunjangan;Belanja Pegawai;Belanja Tidak Langsung;1542905681628;;;;;;;;;;
2018;Tambahan Penghasilan PNS;Belanja Pegawai;Belanja Tidak Langsung;3901391169224;;;;;;;;;;
2018;Belanja Penerimaan Lainnya Pimpinan dan Anggota DPRD serta KDH / WKDH;Belanja Pegawai;Belanja Tidak Langsung;1447326432443;;;;;;;;;;
2018;Insentif Pemungutan Pajak Daerah;Belanja Pegawai;Belanja Tidak Langsung;2799050271969;;;;;;;;;;
2018;Belanja Hibah kepada Badan/Lembaga/Organisasi;Belanja Hibah;Belanja Tidak Langsung;3870177333091;;;;;;;;;;
2018;Belanja Hibah Dana BOS;Belanja Hibah;Belanja Tidak Langsung;79922609375;;;;;;;;;;
2018;Belanja Bagi Hasil Pajak Daerah Kepada Kabupaten/Kota;Belanja Bagi Hasil Kepada Provinsi/Kab/Kota/Desa;Belanja Tidak Langsung;1510480800123;;;;;;;;;;
2018;Belanja Bantuan kepada Partai Politik;Belanja Bantuan Keuangan Keoada Provinsi/Kab/Kota/Desa dan Parpol;Belanja Tidak Langsung;992558823545;;;;;;;;;;
2018;Belanja Tidak Terduga;Belanja Tidak Terduga;Belanja Tidak Langsung;1113529043339;;;;;;;;;;
2018;Honorarium PNS;Belanja Pegawai (BL);Belanja Langsung;2194442956752;;;;;;;;;;
2018;Honorarium  Non PNS;Belanja Pegawai (BL);Belanja Langsung;2460787833781;;;;;;;;;;
2018;Honorarium Pengelolaan Dana BOS;Belanja Pegawai (BL);Belanja Langsung;1066614919566;;;;;;;;;;
2018;Belanja Bahan Pakai Habis;Belanja Barang Jasa;Belanja Langsung;2557077665947;;;;;;;;;;
2018;Belanja Bahan/Material;Belanja Barang Jasa;Belanja Langsung;309501367416;;;;;;;;;;
2018;Belanja Jasa Kantor;Belanja Barang Jasa;Belanja Langsung;677645646125;;;;;;;;;;
2018;Belanja Premi Asuransi;Belanja Barang Jasa;Belanja Langsung;2185427089354;;;;;;;;;;
2018;Belanja Perawatan Kendaraan Bermotor;Belanja Barang Jasa;Belanja Langsung;2964977751120;;;;;;;;;;
2018;Belanja Cetak dan Penggandaan;Belanja Barang Jasa;Belanja Langsung;2211434800515;;;;;;;;;;
2018;Belanja Sewa Rumah/Gedung/Gudang/Parkir;Belanja Barang Jasa;Belanja Langsung;305047261228;;;;;;;;;;
2018;Belanja Sewa Sarana Mobilitas;Belanja Barang Jasa;Belanja Langsung;1516833166016;;;;;;;;;;
2018;Belanja Sewa Alat Berat;Belanja Barang Jasa;Belanja Langsung;1285653989150;;;;;;;;;;
2018;Belanja Sewa Perlengkapan dan Peralatan Kantor;Belanja Barang Jasa;Belanja Langsung;3752043250523;;;;;;;;;;
2018;Belanja Makanan dan  Minuman;Belanja Barang Jasa;Belanja Langsung;2965922342943;;;;;;;;;;
2018;Belanja Pakaian Dinas dan Atributnya;Belanja Barang Jasa;Belanja Langsung;3745687591442;;;;;;;;;;
2018;Belanja Pakaian Kerja;Belanja Barang Jasa;Belanja Langsung;2857097324400;;;;;;;;;;
2018;Belanja Pakaian khusus dan hari-hari tertentu;Belanja Barang Jasa;Belanja Langsung;1152427199969;;;;;;;;;;
2018;Belanja Perjalanan Dinas;Belanja Barang Jasa;Belanja Langsung;889475268364;;;;;;;;;;
2018;Belanja Beasiswa Pendidikan PNS;Belanja Barang Jasa;Belanja Langsung;1308886798203;;;;;;;;;;
2018;Belanja kursus, pelatihan, sosialisasi dan bimbingan teknis PNS;Belanja Barang Jasa;Belanja Langsung;2579806576689;;;;;;;;;;
2018;Belanja Pemeliharaan;Belanja Barang Jasa;Belanja Langsung;575756632174;;;;;;;;;;
2018;Belanja Jasa Konsultansi;Belanja Barang Jasa;Belanja Langsung;2664792507780;;;;;;;;;;
2018;Belanja Barang Dana BOS;Belanja Barang Jasa;Belanja Langsung;3961410308800;;;;;;;;;;
2018;Belanja Barang Yang Akan Diserahkan Kepada Masyarakat/Pihak Ketiga;Belanja Barang Jasa;Belanja Langsung;3868780351544;;;;;;;;;;
2018;Belanja Jasa Tenaga Pendukung;Belanja Barang Jasa;Belanja Langsung;1163793221417;;;;;;;;;;
2018;Belanja Hibah Barang Yang Akan Diserahkan Kepada Masyarakat/Pihak Ketiga;Belanja Barang Jasa;Belanja Langsung;926372490336;;;;;;;;;;
2018;Uang Untuk Diberikan Kepada Masyarakat/Pihak Ketiga;Belanja Barang Jasa;Belanja Langsung;3182200391817;;;;;;;;;;
2018;Belanja Modal Tanah - Pengadaan Tanah Perkebunan;Belanja Modal;Belanja Langsung;1849087833916;;;;;;;;;;
2018;Belanja Modal Tanah - Pengadaan Kolam Ikan;Belanja Modal;Belanja Langsung;1151101544057;;;;;;;;;;
2018;Belanja Modal Tanah - Pengadaan Tanah Pengguna Lain;Belanja Modal;Belanja Langsung;842173047195;;;;;;;;;;
2018;Belanja Modal Tanah - Pengadaan Tanah Untuk Bangunan Gedung;Belanja Modal;Belanja Langsung;335398707106;;;;;;;;;;
2018;Belanja Modal Tanah - Pengadaan Tanah Untuk Bangunan Bukan Gedung;Belanja Modal;Belanja Langsung;550133230754;;;;;;;;;;
2018;Belanja Modal Peralatan dan Mesin - Pengadaan Alat-alat Besar Darat;Belanja Modal;Belanja Langsung;2964436052090;;;;;;;;;;
2018;Belanja Modal Peralatan dan Mesin - Pengadaan Alat-alat Bantu;Belanja Modal;Belanja Langsung;3618682081768;;;;;;;;;;
2018;Belanja Modal Peralatan dan Mesin - Pengadaan Alat Angkutan Darat Bermotor;Belanja Modal;Belanja Langsung;2678420534331;;;;;;;;;;
2018;Belanja Modal Peralatan dan Mesin - Pengadaan Alat Angkut Apung Bermotor;Belanja Modal;Belanja Langsung;414129199841;;;;;;;;;;
2018;Belanja Modal Peralatan dan Mesin - Pengadaan Alat Bengkel Bermesin;Belanja Modal;Belanja Langsung;1944104841287;;;;;;;;;;
2018;Belanja Modal Peralatan dan Mesin - Pengadaan Alat Ukur;Belanja Modal;Belanja Langsung;888668489423;;;;;;;;;;
2018;Belanja Modal Peralatan dan Mesin - Pengadaan Alat Pengolahan;Belanja Modal;Belanja Langsung;3932666864764;;;;;;;;;;
2018;Belanja Modal Peralatan dan Mesin - Pengadaan Alat Pemeliharaan Tanaman/Alat Penyimpan;Belanja Modal;Belanja Langsung;203946884780;;;;;;;;;;
2018;Belanja Modal Peralatan dan Mesin - Pengadaan Alat Kantor;Belanja Modal;Belanja Langsung;1241889502037;;;;;;;;;;
2018;Belanja Modal Peralatan dan Mesin - Pengadaan Alat Rumah Tangga;Belanja Modal;Belanja Langsung;1107014951334;;;;;;;;;;
2018;Belanja Modal Peralatan dan Mesin - Pengadaan Komputer;Belanja Modal;Belanja Langsung;2931540659837;;;;;;;;;;
2018;Belanja Modal Peralatan dan Mesin - Pengadaan Meja dan Kursi Kerja/Rapat Pejabat;Belanja Modal;Belanja Langsung;796816159310;;;;;;;;;;
2018;Belanja Modal Peralatan dan Mesin - Pengadaan Alat Studio;Belanja Modal;Belanja Langsung;876110071445;;;;;;;;;;
2018;Belanja Modal Peralatan dan Mesin - Pengadaan Alat Komunikasi;Belanja Modal;Belanja Langsung;425782026341;;;;;;;;;;
2018;Belanja Modal Peralatan dan Mesin - Pengadaan Alat Kedokteran;Belanja Modal;Belanja Langsung;3002290657491;;;;;;;;;;
2018;Belanja Modal Peralatan dan Mesin - Pengadaan Alat Kesehatan;Belanja Modal;Belanja Langsung;172318996033;;;;;;;;;;
2018;Belanja Modal Peralatan dan Mesin - Pengadaan Unit-Unit Laboratorium;Belanja Modal;Belanja Langsung;1046772271429;;;;;;;;;;
2018;Belanja Modal Peralatan dan Mesin - Pengadaan Alat Peraga/Praktek Sekolah;Belanja Modal;Belanja Langsung;894073106176;;;;;;;;;;
2018;Belanja Modal Peralatan dan Mesin - Pengadaan Alat Laboratorium Lingkungan Hidup;Belanja Modal;Belanja Langsung;382207021009;;;;;;;;;;
2018;Belanja Modal Peralatan dan Mesin - Pengadaan Persenjataan Non Senjata Api;Belanja Modal;Belanja Langsung;3225231411721;;;;;;;;;;
2018;Belanja Modal Peralatan dan Mesin -Pengadaan Alat Keamanan dan Perlindungan;Belanja Modal;Belanja Langsung;3355323601244;;;;;;;;;;
2018;Belanja Modal Gedung dan Bangunan - Pengadaan Bangunan Gedung Tempat Kerja;Belanja Modal;Belanja Langsung;1683584126466;;;;;;;;;;
2018;Belanja Modal Gedung dan Bangunan - Pengadaan Bangunan Gedung Tempat Tinggal;Belanja Modal;Belanja Langsung;2523140864702;;;;;;;;;;
2018;Belanja Modal Gedung dan Bangunan - Pengadaan Bangunan Monumen/Bangunan Bersejarah lainnya;Belanja Modal;Belanja Langsung;3527917315010;;;;;;;;;;
2018;Belanja Modal Gedung dan Bangunan - Pengadaan Bangunan Tugu Titik Kontrol/Pasti;Belanja Modal;Belanja Langsung;815625866222;;;;;;;;;;
2018;Belanja Modal Jalan, Irigasi dan Jaringan - Pengadaan Jalan;Belanja Modal;Belanja Langsung;2384735132330;;;;;;;;;;
2018;Belanja Modal Jalan, Irigasi dan Jaringan - Pengadaan Jembatan;Belanja Modal;Belanja Langsung;3243826169816;;;;;;;;;;
2018;Belanja Modal Jalan, Irigasi dan Jaringan - Pengadaan Bangunan Air Irigasi;Belanja Modal;Belanja Langsung;3419578266595;;;;;;;;;;
2018;Belanja Modal Jalan, Irigasi dan Jaringan - Pengadaan Bangunan Air Rawa;Belanja Modal;Belanja Langsung;2591950099714;;;;;;;;;;
2018;Belanja Modal Jalan, Irigasi dan Jaringan - Pengadaan Bangunan Pengaman Sungai dan Penaggulangan Be;Belanja Modal;Belanja Langsung;2937410392029;;;;;;;;;;
2018;Belanja Modal Jalan, Irigasi dan Jaringan - Pengadaan Bangunan Pembangunan Sumber Air dan Air Tanah;Belanja Modal;Belanja Langsung;2504892807971;;;;;;;;;;
2018;Belanja Modal Jalan, Irigasi dan Jaringan - Pengadaan Bangunan Air Bersih/Baku;Belanja Modal;Belanja Langsung;1235100109072;;;;;;;;;;
2018;Belanja Modal Jalan, Irigasi dan Jaringan - Pengadaan Bangunan Air Kotor;Belanja Modal;Belanja Langsung;3649302641005;;;;;;;;;;
2018;Belanja Modal Jalan, Irigasi dan Jaringan - Pengadaan Bangunan Air;Belanja Modal;Belanja Langsung;3695763919349;;;;;;;;;;
2018;Belanja Modal Jalan, Irigasi dan Jaringan - Pengadaan Instalasi Air Minum/Air Bersih;Belanja Modal;Belanja Langsung;629667056448;;;;;;;;;;
2018;Belanja Modal Jalan, Irigasi dan Jaringan - Pengadaan Instalasi Pengolahan Sampah;Belanja Modal;Belanja Langsung;1545085331151;;;;;;;;;;
2018;Belanja Modal Jalan, Irigasi dan Jaringan - Pengadaan Instalasi Pembangkit Listrik;Belanja Modal;Belanja Langsung;3034644975996;;;;;;;;;;
2018;Belanja Modal Jalan, Irigasi dan Jaringan - Pengadaan Instalasi Pertahanan;Belanja Modal;Belanja Langsung;324762196413;;;;;;;;;;
2018;Belanja Modal Jalan, Irigasi dan Jaringan - Pengadaan Jaringan Air Minum;Belanja Modal;Belanja Langsung;795303644231;;;;;;;;;;
2018;Belanja Modal Jalan, Irigasi dan Jaringan - Pengadaan Jaringan Listrik;Belanja Modal;Belanja Langsung;1970471211026;;;;;;;;;;
2018;Belanja Modal Jalan, Irigasi dan Jaringan - Pengadaan Jaringan Telepon;Belanja Modal;Belanja Langsung;3458226374864;;;;;;;;;;
2018;Belanja Modal dan Aset Tetap Lainnya - Pengadaan Buku;Belanja Modal;Belanja Langsung;3993396822580;;;;;;;;;;
2018;Belanja Modal dan Aset Tetap Lainnya - Pengadaan Barang Bercorak Kebudayaan;Belanja Modal;Belanja Langsung;1902903319072;;;;;;;;;;
2018;Belanja Modal dan Aset Tetap Lainnya - Pengadaan Alat Olah Raga Lainnya;Belanja Modal;Belanja Langsung;3273364731835;;;;;;;;;;
2018;Belanja Modal dan Aset Tetap Lainnya - Pengadaan Hewan;Belanja Modal;Belanja Langsung;975984554586;;;;;;;;;;
2018;Belanja Modal dan Aset Tetap Lainnya - Pengadaan Tanaman;Belanja Modal;Belanja Langsung;3875100328559;;;;;;;;;;
2018;Belanja Modal dan Aset Tetap Lainnya - Pengadaan Aset Tetap Renovasi;Belanja Modal;Belanja Langsung;3045935011436;;;;;;;;;;
2018;Belanja Modal Peralatan dan Mesin - BOS;Belanja Modal;Belanja Langsung;426717608221;;;;;;;;;;
2018;Belanja Modal dan Aset Tetap Lainnya - BOS;Belanja Modal;Belanja Langsung;1796728619974;;;;;;;;;;
2019;Pajak Kendaraan Bermotor;Pendapatan Pajak Daerah;Pendapatan Asli Daerah;1002418721821;;;;;;;;;;
2019;Bea Balik Nama Kendaraan Bermotor;Pendapatan Pajak Daerah;Pendapatan Asli Daerah;1963803510626;;;;;;;;;;
2019;Pajak Bahan Bakar Kendaraan Bermotor;Pendapatan Pajak Daerah;Pendapatan Asli Daerah;3640556651253;;;;;;;;;;
2019;Pajak Air Permukaan;Pendapatan Pajak Daerah;Pendapatan Asli Daerah;2483327042561;;;;;;;;;;
2019;Pajak Rokok;Pendapatan Pajak Daerah;Pendapatan Asli Daerah;3628234371165;;;;;;;;;;
2019;Retribusi Jasa Umum;Hasil Retribusi Daerah;Pendapatan Asli Daerah;1891436290203;;;;;;;;;;
2019;Retribusi Jasa Usaha;Hasil Retribusi Daerah;Pendapatan Asli Daerah;3213990066796;;;;;;;;;;
2019;Retribusi Perizinan Tertentu;Hasil Retribusi Daerah;Pendapatan Asli Daerah;1733397766941;;;;;;;;;;
2019;Bagian Laba atas Penyertaan Modal pada Perusahaan Milik Daerah/BUMD;Hasil Pengelolaan Kekayaan Daerah Yang Dipisahkan;Pendapatan Asli Daerah;3305624544252;;;;;;;;;;
2019;Bagian Laba atas Penyertaan Modal pada Perusahaan Milik Negara/BUMN;Hasil Pengelolaan Kekayaan Daerah Yang Dipisahkan;Pendapatan Asli Daerah;1573900966015;;;;;;;;;;
2019;Hasil Penjualan Aset Daerah Yang Tidak Dipisahkan;Lain-lain Pendapatan Asli Daerah Yang Sah;Pendapatan Asli Daerah;105148620115;;;;;;;;;;
2019;Jasa Giro;Lain-lain Pendapatan Asli Daerah Yang Sah;Pendapatan Asli Daerah;851426675069;;;;;;;;;;
2019;Pendapatan Denda Atas Keterlambatan Pelaksanaan Pekerjaan;Lain-lain Pendapatan Asli Daerah Yang Sah;Pendapatan Asli Daerah;1789547606021;;;;;;;;;;
2019;Pendapatan Denda Pajak;Lain-lain Pendapatan Asli Daerah Yang Sah;Pendapatan Asli Daerah;1035330616479;;;;;;;;;;
2019;Pendapatan Dari Pengembalian;Lain-lain Pendapatan Asli Daerah Yang Sah;Pendapatan Asli Daerah;326329976606;;;;;;;;;;
2019;Pendapatan dari Penyelenggaraan Pendidikan dan Pelatihan;Lain-lain Pendapatan Asli Daerah Yang Sah;Pendapatan Asli Daerah;2246252059282;;;;;;;;;;
2019;Pendapatan dari Angsuran/Cicilan Penjualan;Lain-lain Pendapatan Asli Daerah Yang Sah;Pendapatan Asli Daerah;3937074891349;;;;;;;;;;
2019;Pendapatan BLUD;Lain-lain Pendapatan Asli Daerah Yang Sah;Pendapatan Asli Daerah;1786929041929;;;;;;;;;;
2019;Bagi Hasil Pajak;Dana Bagi Hasil Pajak/Bukan Pajak;Dana Perimbangan;2007445693007;;;;;;;;;;
2019;Bagi Hasil Bukan Pajak/Sumber Daya Alam;Dana Bagi Hasil Pajak/Bukan Pajak;Dana Perimbangan;919484310606;;;;;;;;;;
2019;Dana Alokasi Umum;Dana Alokasi Umum;Dana Perimbangan;1342660540158;;;;;;;;;;
2019;Dana Alokasi Khusus (DAK) Fisik;Dana Alokasi Khusus;Dana Perimbangan;3203300679506;;;;;;;;;;
2019;Dana Alokasi Khusus (DAK) Non Fisik;Dana Alokasi Khusus;Dana Perimbangan;1458739163258;;;;;;;;;;
2019;Pendapatan Hibah Dari Badan/Lembaga/Organisasi Swasta Dalam Negeri;Pendapatan Hibah;Lain-lain Pendapatan Hibah yang Sah;3172636441190;;;;;;;;;;
2019;Pendapatan Hibah Dari Kelompok Masyarakat/Perorangan;Pendapatan Hibah;Lain-lain Pendapatan Hibah yang Sah;2269492207636;;;;;;;;;;
2019;Gaji dan Tunjangan;Belanja Pegawai;Belanja Tidak Langsung;320659839576;;;;;;;;;;
2019;Tambahan Penghasilan PNS;Belanja Pegawai;Belanja Tidak Langsung;3997960266402;;;;;;;;;;
2019;Belanja Penerimaan Lainnya Pimpinan dan Anggota DPRD serta KDH / WKDH;Belanja Pegawai;Belanja Tidak Langsung;3914419238915;;;;;;;;;;
2019;Insentif Pemungutan Pajak Daerah;Belanja Pegawai;Belanja Tidak Langsung;3890352832887;;;;;;;;;;
2019;Belanja Hibah kepada Badan/Lembaga/Organisasi;Belanja Hibah;Belanja Tidak Langsung;342699974243;;;;;;;;;;
2019;Belanja Hibah Dana BOS;Belanja Hibah;Belanja Tidak Langsung;1923494368247;;;;;;;;;;
2019;Belanja Bagi Hasil Pajak Daerah Kepada Kabupaten/Kota;Belanja Bagi Hasil Kepada Provinsi/Kab/Kota/Desa;Belanja Tidak Langsung;805443955059;;;;;;;;;;
2019;Belanja Bantuan kepada Partai Politik;Belanja Bantuan Keuangan Keoada Provinsi/Kab/Kota/Desa dan Parpol;Belanja Tidak Langsung;937526109534;;;;;;;;;;
2019;Belanja Tidak Terduga;Belanja Tidak Terduga;Belanja Tidak Langsung;83849994489;;;;;;;;;;
2019;Honorarium PNS;Belanja Pegawai (BL);Belanja Langsung;2184799464424;;;;;;;;;;
2019;Honorarium  Non PNS;Belanja Pegawai (BL);Belanja Langsung;1406844556019;;;;;;;;;;
2019;Honorarium Pengelolaan Dana BOS;Belanja Pegawai (BL);Belanja Langsung;1747996559379;;;;;;;;;;
2019;Belanja Bahan Pakai Habis;Belanja Barang Jasa;Belanja Langsung;577495233457;;;;;;;;;;
2019;Belanja Bahan/Material;Belanja Barang Jasa;Belanja Langsung;1203809931833;;;;;;;;;;
2019;Belanja Jasa Kantor;Belanja Barang Jasa;Belanja Langsung;2339577191696;;;;;;;;;;
2019;Belanja Premi Asuransi;Belanja Barang Jasa;Belanja Langsung;2706596726556;;;;;;;;;;
2019;Belanja Perawatan Kendaraan Bermotor;Belanja Barang Jasa;Belanja Langsung;3387930664092;;;;;;;;;;
2019;Belanja Cetak dan Penggandaan;Belanja Barang Jasa;Belanja Langsung;3325556999897;;;;;;;;;;
2019;Belanja Sewa Rumah/Gedung/Gudang/Parkir;Belanja Barang Jasa;Belanja Langsung;1843679903402;;;;;;;;;;
2019;Belanja Sewa Sarana Mobilitas;Belanja Barang Jasa;Belanja Langsung;2991329278715;;;;;;;;;;
2019;Belanja Sewa Alat Berat;Belanja Barang Jasa;Belanja Langsung;3071950030666;;;;;;;;;;
2019;Belanja Sewa Perlengkapan dan Peralatan Kantor;Belanja Barang Jasa;Belanja Langsung;2657140044936;;;;;;;;;;
2019;Belanja Makanan dan  Minuman;Belanja Barang Jasa;Belanja Langsung;3571873314593;;;;;;;;;;
2019;Belanja Pakaian Dinas dan Atributnya;Belanja Barang Jasa;Belanja Langsung;3881639057656;;;;;;;;;;
2019;Belanja Pakaian Kerja;Belanja Barang Jasa;Belanja Langsung;3514799932164;;;;;;;;;;
2019;Belanja Pakaian khusus dan hari-hari tertentu;Belanja Barang Jasa;Belanja Langsung;3314173948130;;;;;;;;;;
2019;Belanja Perjalanan Dinas;Belanja Barang Jasa;Belanja Langsung;188141544980;;;;;;;;;;
2019;Belanja Beasiswa Pendidikan PNS;Belanja Barang Jasa;Belanja Langsung;3791092409309;;;;;;;;;;
2019;Belanja kursus, pelatihan, sosialisasi dan bimbingan teknis PNS;Belanja Barang Jasa;Belanja Langsung;3135282030252;;;;;;;;;;
2019;Belanja Pemeliharaan;Belanja Barang Jasa;Belanja Langsung;1449548611659;;;;;;;;;;
2019;Belanja Jasa Konsultansi;Belanja Barang Jasa;Belanja Langsung;2465833479114;;;;;;;;;;
2019;Belanja Barang Dana BOS;Belanja Barang Jasa;Belanja Langsung;2679580594841;;;;;;;;;;
2019;Belanja Barang Yang Akan Diserahkan Kepada Masyarakat/Pihak Ketiga;Belanja Barang Jasa;Belanja Langsung;2099648131215;;;;;;;;;;
2019;Belanja Jasa Tenaga Pendukung;Belanja Barang Jasa;Belanja Langsung;2349484446495;;;;;;;;;;
2019;Belanja Hibah Barang Yang Akan Diserahkan Kepada Masyarakat/Pihak Ketiga;Belanja Barang Jasa;Belanja Langsung;2325307421948;;;;;;;;;;
2019;Uang Untuk Diberikan Kepada Masyarakat/Pihak Ketiga;Belanja Barang Jasa;Belanja Langsung;2022732337998;;;;;;;;;;
2019;Belanja Modal Tanah - Pengadaan Tanah Perkebunan;Belanja Modal;Belanja Langsung;1895047737214;;;;;;;;;;
2019;Belanja Modal Tanah - Pengadaan Kolam Ikan;Belanja Modal;Belanja Langsung;3817368994931;;;;;;;;;;
2019;Belanja Modal Tanah - Pengadaan Tanah Pengguna Lain;Belanja Modal;Belanja Langsung;1554986394827;;;;;;;;;;
2019;Belanja Modal Tanah - Pengadaan Tanah Untuk Bangunan Gedung;Belanja Modal;Belanja Langsung;3168747432481;;;;;;;;;;
2019;Belanja Modal Tanah - Pengadaan Tanah Untuk Bangunan Bukan Gedung;Belanja Modal;Belanja Langsung;2461353145203;;;;;;;;;;
2019;Belanja Modal Peralatan dan Mesin - Pengadaan Alat-alat Besar Darat;Belanja Modal;Belanja Langsung;241711980398;;;;;;;;;;
2019;Belanja Modal Peralatan dan Mesin - Pengadaan Alat-alat Bantu;Belanja Modal;Belanja Langsung;1721339735937;;;;;;;;;;
2019;Belanja Modal Peralatan dan Mesin - Pengadaan Alat Angkutan Darat Bermotor;Belanja Modal;Belanja Langsung;3273068398641;;;;;;;;;;
2019;Belanja Modal Peralatan dan Mesin - Pengadaan Alat Angkut Apung Bermotor;Belanja Modal;Belanja Langsung;2425842267084;;;;;;;;;;
2019;Belanja Modal Peralatan dan Mesin - Pengadaan Alat Bengkel Bermesin;Belanja Modal;Belanja Langsung;1090491597180;;;;;;;;;;
2019;Belanja Modal Peralatan dan Mesin - Pengadaan Alat Ukur;Belanja Modal;Belanja Langsung;1096461185114;;;;;;;;;;
2019;Belanja Modal Peralatan dan Mesin - Pengadaan Alat Pengolahan;Belanja Modal;Belanja Langsung;150851925853;;;;;;;;;;
2019;Belanja Modal Peralatan dan Mesin - Pengadaan Alat Pemeliharaan Tanaman/Alat Penyimpan;Belanja Modal;Belanja Langsung;3418377955098;;;;;;;;;;
2019;Belanja Modal Peralatan dan Mesin - Pengadaan Alat Kantor;Belanja Modal;Belanja Langsung;3471632814277;;;;;;;;;;
2019;Belanja Modal Peralatan dan Mesin - Pengadaan Alat Rumah Tangga;Belanja Modal;Belanja Langsung;2303769483912;;;;;;;;;;
2019;Belanja Modal Peralatan dan Mesin - Pengadaan Komputer;Belanja Modal;Belanja Langsung;1886165032773;;;;;;;;;;
2019;Belanja Modal Peralatan dan Mesin - Pengadaan Meja dan Kursi Kerja/Rapat Pejabat;Belanja Modal;Belanja Langsung;3816735308736;;;;;;;;;;
2019;Belanja Modal Peralatan dan Mesin - Pengadaan Alat Studio;Belanja Modal;Belanja Langsung;1710979677672;;;;;;;;;;
2019;Belanja Modal Peralatan dan Mesin - Pengadaan Alat Komunikasi;Belanja Modal;Belanja Langsung;2327623879570;;;;;;;;;;
2019;Belanja Modal Peralatan dan Mesin - Pengadaan Alat Kedokteran;Belanja Modal;Belanja Langsung;940804863312;;;;;;;;;;
2019;Belanja Modal Peralatan dan Mesin - Pengadaan Alat Kesehatan;Belanja Modal;Belanja Langsung;696421968399;;;;;;;;;;
2019;Belanja Modal Peralatan dan Mesin - Pengadaan Unit-Unit Laboratorium;Belanja Modal;Belanja Langsung;1576922451515;;;;;;;;;;
2019;Belanja Modal Peralatan dan Mesin - Pengadaan Alat Peraga/Praktek Sekolah;Belanja Modal;Belanja Langsung;1245196346093;;;;;;;;;;
2019;Belanja Modal Peralatan dan Mesin - Pengadaan Alat Laboratorium Lingkungan Hidup;Belanja Modal;Belanja Langsung;1805587751351;;;;;;;;;;
2019;Belanja Modal Peralatan dan Mesin - Pengadaan Persenjataan Non Senjata Api;Belanja Modal;Belanja Langsung;3432737349482;;;;;;;;;;
2019;Belanja Modal Peralatan dan Mesin -Pengadaan Alat Keamanan dan Perlindungan;Belanja Modal;Belanja Langsung;3646517758974;;;;;;;;;;
2019;Belanja Modal Gedung dan Bangunan - Pengadaan Bangunan Gedung Tempat Kerja;Belanja Modal;Belanja Langsung;2750820504619;;;;;;;;;;
2019;Belanja Modal Gedung dan Bangunan - Pengadaan Bangunan Gedung Tempat Tinggal;Belanja Modal;Belanja Langsung;1933968272333;;;;;;;;;;
2019;Belanja Modal Gedung dan Bangunan - Pengadaan Bangunan Monumen/Bangunan Bersejarah lainnya;Belanja Modal;Belanja Langsung;1025634458060;;;;;;;;;;
2019;Belanja Modal Gedung dan Bangunan - Pengadaan Bangunan Tugu Titik Kontrol/Pasti;Belanja Modal;Belanja Langsung;2736827534912;;;;;;;;;;
2019;Belanja Modal Jalan, Irigasi dan Jaringan - Pengadaan Jalan;Belanja Modal;Belanja Langsung;394017473414;;;;;;;;;;
2019;Belanja Modal Jalan, Irigasi dan Jaringan - Pengadaan Jembatan;Belanja Modal;Belanja Langsung;186360304952;;;;;;;;;;
2019;Belanja Modal Jalan, Irigasi dan Jaringan - Pengadaan Bangunan Air Irigasi;Belanja Modal;Belanja Langsung;1100373386435;;;;;;;;;;
2019;Belanja Modal Jalan, Irigasi dan Jaringan - Pengadaan Bangunan Air Rawa;Belanja Modal;Belanja Langsung;652839289943;;;;;;;;;;
2019;Belanja Modal Jalan, Irigasi dan Jaringan - Pengadaan Bangunan Pengaman Sungai dan Penaggulangan Be;Belanja Modal;Belanja Langsung;2089607556262;;;;;;;;;;
2019;Belanja Modal Jalan, Irigasi dan Jaringan - Pengadaan Bangunan Pembangunan Sumber Air dan Air Tanah;Belanja Modal;Belanja Langsung;2704473188694;;;;;;;;;;
2019;Belanja Modal Jalan, Irigasi dan Jaringan - Pengadaan Bangunan Air Bersih/Baku;Belanja Modal;Belanja Langsung;2920848184773;;;;;;;;;;
2019;Belanja Modal Jalan, Irigasi dan Jaringan - Pengadaan Bangunan Air Kotor;Belanja Modal;Belanja Langsung;3718069127822;;;;;;;;;;
2019;Belanja Modal Jalan, Irigasi dan Jaringan - Pengadaan Bangunan Air;Belanja Modal;Belanja Langsung;2768082985284;;;;;;;;;;
2019;Belanja Modal Jalan, Irigasi dan Jaringan - Pengadaan Instalasi Air Minum/Air Bersih;Belanja Modal;Belanja Langsung;2563230365320;;;;;;;;;;
2019;Belanja Modal Jalan, Irigasi dan Jaringan - Pengadaan Instalasi Pengolahan Sampah;Belanja Modal;Belanja Langsung;976583870124;;;;;;;;;;
2019;Belanja Modal Jalan, Irigasi dan Jaringan - Pengadaan Instalasi Pembangkit Listrik;Belanja Modal;Belanja Langsung;2857605165;;;;;;;;;;
2019;Belanja Modal Jalan, Irigasi dan Jaringan - Pengadaan Instalasi Pertahanan;Belanja Modal;Belanja Langsung;3663448914844;;;;;;;;;;
2019;Belanja Modal Jalan, Irigasi dan Jaringan - Pengadaan Jaringan Air Minum;Belanja Modal;Belanja Langsung;2731400675120;;;;;;;;;;
2019;Belanja Modal Jalan, Irigasi dan Jaringan - Pengadaan Jaringan Listrik;Belanja Modal;Belanja Langsung;3836666587075;;;;;;;;;;
2019;Belanja Modal Jalan, Irigasi dan Jaringan - Pengadaan Jaringan Telepon;Belanja Modal;Belanja Langsung;3421942082024;;;;;;;;;;
2019;Belanja Modal dan Aset Tetap Lainnya - Pengadaan Buku;Belanja Modal;Belanja Langsung;191356315645;;;;;;;;;;
2019;Belanja Modal dan Aset Tetap Lainnya - Pengadaan Barang Bercorak Kebudayaan;Belanja Modal;Belanja Langsung;1411010016032;;;;;;;;;;
2019;Belanja Modal dan Aset Tetap Lainnya - Pengadaan Alat Olah Raga Lainnya;Belanja Modal;Belanja Langsung;3007179194952;;;;;;;;;;
2019;Belanja Modal dan Aset Tetap Lainnya - Pengadaan Hewan;Belanja Modal;Belanja Langsung;1346435428108;;;;;;;;;;
2019;Belanja Modal dan Aset Tetap Lainnya - Pengadaan Tanaman;Belanja Modal;Belanja Langsung;1780492834676;;;;;;;;;;
2019;Belanja Modal dan Aset Tetap Lainnya - Pengadaan Aset Tetap Renovasi;Belanja Modal;Belanja Langsung;69073760068;;;;;;;;;;
2019;Belanja Modal Peralatan dan Mesin - BOS;Belanja Modal;Belanja Langsung;1856621052737;;;;;;;;;;
2019;Belanja Modal dan Aset Tetap Lainnya - BOS;Belanja Modal;Belanja Langsung;793337867123;;;;;;;;;;
